This file contains any messages produced by compilers while
running configure, to aid debugging if configure makes a mistake.

It was created by tcl configure 8.6, which was
generated by GNU Autoconf 2.59.  Invocation command line was

  $ ./configure --prefix=/usr --sysconfdir=/etc --mandir=/usr/share/man --localstatedir=/var --with-system-sqlite --disable-64bit

## --------- ##
## Platform. ##
## --------- ##

hostname = 70f4bd37f537
uname -m = i686
uname -r = 6.12.76-linuxkit
uname -s = Linux
uname -v = #1 SMP Tue Jul 21 14:38:37 UTC 2026

/usr/bin/uname -p = unknown
/bin/uname -X     = unknown

/bin/arch              = i686
/usr/bin/arch -k       = unknown
/usr/convex/getsysinfo = unknown
hostinfo               = unknown
/bin/machine           = unknown
/usr/bin/oslevel       = unknown
/bin/universe          = unknown

PATH: /usr/local/sbin
PATH: /usr/local/bin
PATH: /usr/sbin
PATH: /usr/bin
PATH: /sbin
PATH: /bin


## ----------- ##
## Core tests. ##
## ----------- ##

configure:1385: checking whether to use symlinks for manpages
configure:1394: result: no
configure:1397: checking whether to compress the manpages
configure:1412: result: no
configure:1426: checking whether to add a package name suffix for the manpages
configure:1439: result: no
configure:1501: checking for gcc
configure:1517: found /usr/bin/gcc
configure:1527: result: gcc
configure:1771: checking for C compiler version
configure:1774: gcc --version </dev/null >&5
gcc (Alpine 15.2.0) 15.2.0
Copyright (C) 2025 Free Software Foundation, Inc.
This is free software; see the source for copying conditions.  There is NO
warranty; not even for MERCHANTABILITY or FITNESS FOR A PARTICULAR PURPOSE.

configure:1777: $? = 0
configure:1779: gcc -v </dev/null >&5
Using built-in specs.
COLLECT_GCC=gcc
COLLECT_LTO_WRAPPER=/usr/libexec/gcc/i586-alpine-linux-musl/15.2.0/lto-wrapper
Target: i586-alpine-linux-musl
Configured with: /home/buildozer/aports/main/gcc/src/gcc-15.2.0/configure --prefix=/usr --mandir=/usr/share/man --infodir=/usr/share/info --build=i586-alpine-linux-musl --host=i586-alpine-linux-musl --target=i586-alpine-linux-musl --enable-checking=release --disable-cet --disable-fixed-point --disable-libstdcxx-pch --disable-multilib --disable-nls --disable-werror --disable-symvers --enable-__cxa_atexit --enable-default-pie --enable-default-ssp --enable-languages=c,c++,objc,go,fortran,ada --enable-link-serialization=2 --enable-linker-build-id --with-arch=pentium-m --with-fpmath=sse --with-tune=generic --enable-cld --disable-libssp --disable-libsanitizer --enable-shared --enable-threads --enable-tls --with-bugurl=https://gitlab.alpinelinux.org/alpine/aports/-/issues --with-system-zlib --with-linker-hash-style=gnu --with-pkgversion='Alpine 15.2.0'
Thread model: posix
Supported LTO compression algorithms: zlib
gcc version 15.2.0 (Alpine 15.2.0) 
configure:1782: $? = 0
configure:1784: gcc -V </dev/null >&5
gcc: error: unrecognized command-line option '-V'
gcc: fatal error: no input files
compilation terminated.
configure:1787: $? = 1
configure:1810: checking for C compiler default output file name
configure:1813: gcc    conftest.c  >&5
configure:1816: $? = 0
configure:1862: result: a.out
configure:1867: checking whether the C compiler works
configure:1873: ./a.out
configure:1876: $? = 0
configure:1893: result: yes
configure:1900: checking whether we are cross compiling
configure:1902: result: no
configure:1905: checking for suffix of executables
configure:1907: gcc -o conftest    conftest.c  >&5
configure:1910: $? = 0
configure:1935: result: 
configure:1941: checking for suffix of object files
configure:1962: gcc -c   conftest.c >&5
configure:1965: $? = 0
configure:1987: result: o
configure:1991: checking whether we are using the GNU C compiler
configure:2015: gcc -c   conftest.c >&5
configure:2021: $? = 0
configure:2025: test -z 
			 || test ! -s conftest.err
configure:2028: $? = 0
configure:2031: test -s conftest.o
configure:2034: $? = 0
configure:2047: result: yes
configure:2053: checking whether gcc accepts -g
configure:2074: gcc -c -g  conftest.c >&5
configure:2080: $? = 0
configure:2084: test -z 
			 || test ! -s conftest.err
configure:2087: $? = 0
configure:2090: test -s conftest.o
configure:2093: $? = 0
configure:2104: result: yes
configure:2121: checking for gcc option to accept ANSI C
configure:2191: gcc  -c   conftest.c >&5
conftest.c: In function 'e':
conftest.c:16:14: warning: old-style function definition [-Wold-style-definition]
   16 | static char *e (p, i)
      |              ^
configure:2197: $? = 0
configure:2201: test -z 
			 || test ! -s conftest.err
configure:2204: $? = 0
configure:2207: test -s conftest.o
configure:2210: $? = 0
configure:2228: result: none needed
configure:2246: gcc -c   conftest.c >&5
conftest.c:2:3: error: unknown type name 'choke'
    2 |   choke me
      |   ^~~~~
conftest.c:2:3: error: expected '=', ',', ';', 'asm' or '__attribute__' at end of input
configure:2252: $? = 1
configure: failed program was:
| #ifndef __cplusplus
|   choke me
| #endif
configure:2386: checking for inline
configure:2407: gcc -c   conftest.c >&5
configure:2413: $? = 0
configure:2417: test -z 
			 || test ! -s conftest.err
configure:2420: $? = 0
configure:2423: test -s conftest.o
configure:2426: $? = 0
configure:2438: result: inline
configure:2472: checking how to run the C preprocessor
configure:2507: gcc -E  conftest.c
configure:2513: $? = 0
configure:2545: gcc -E  conftest.c
conftest.c:9:10: fatal error: ac_nonexistent.h: No such file or directory
    9 | #include <ac_nonexistent.h>
      |          ^~~~~~~~~~~~~~~~~~
compilation terminated.
configure:2551: $? = 1
configure: failed program was:
| /* confdefs.h.  */
| 
| #define PACKAGE_NAME "tcl"
| #define PACKAGE_TARNAME "tcl"
| #define PACKAGE_VERSION "8.6"
| #define PACKAGE_STRING "tcl 8.6"
| #define PACKAGE_BUGREPORT ""
| /* end confdefs.h.  */
| #include <ac_nonexistent.h>
configure:2590: result: gcc -E
configure:2614: gcc -E  conftest.c
configure:2620: $? = 0
configure:2652: gcc -E  conftest.c
conftest.c:9:10: fatal error: ac_nonexistent.h: No such file or directory
    9 | #include <ac_nonexistent.h>
      |          ^~~~~~~~~~~~~~~~~~
compilation terminated.
configure:2658: $? = 1
configure: failed program was:
| /* confdefs.h.  */
| 
| #define PACKAGE_NAME "tcl"
| #define PACKAGE_TARNAME "tcl"
| #define PACKAGE_VERSION "8.6"
| #define PACKAGE_STRING "tcl 8.6"
| #define PACKAGE_BUGREPORT ""
| /* end confdefs.h.  */
| #include <ac_nonexistent.h>
configure:2702: checking for egrep
configure:2712: result: grep -E
configure:2717: checking for ANSI C header files
configure:2742: gcc -c   conftest.c >&5
configure:2748: $? = 0
configure:2752: test -z 
			 || test ! -s conftest.err
configure:2755: $? = 0
configure:2758: test -s conftest.o
configure:2761: $? = 0
configure:2851: gcc -o conftest    conftest.c  >&5
configure:2854: $? = 0
configure:2856: ./conftest
configure:2859: $? = 0
configure:2874: result: yes
configure:2898: checking for sys/types.h
configure:2914: gcc -c   conftest.c >&5
configure:2920: $? = 0
configure:2924: test -z 
			 || test ! -s conftest.err
configure:2927: $? = 0
configure:2930: test -s conftest.o
configure:2933: $? = 0
configure:2944: result: yes
configure:2898: checking for sys/stat.h
configure:2914: gcc -c   conftest.c >&5
configure:2920: $? = 0
configure:2924: test -z 
			 || test ! -s conftest.err
configure:2927: $? = 0
configure:2930: test -s conftest.o
configure:2933: $? = 0
configure:2944: result: yes
configure:2898: checking for stdlib.h
configure:2914: gcc -c   conftest.c >&5
configure:2920: $? = 0
configure:2924: test -z 
			 || test ! -s conftest.err
configure:2927: $? = 0
configure:2930: test -s conftest.o
configure:2933: $? = 0
configure:2944: result: yes
configure:2898: checking for string.h
configure:2914: gcc -c   conftest.c >&5
configure:2920: $? = 0
configure:2924: test -z 
			 || test ! -s conftest.err
configure:2927: $? = 0
configure:2930: test -s conftest.o
configure:2933: $? = 0
configure:2944: result: yes
configure:2898: checking for memory.h
configure:2914: gcc -c   conftest.c >&5
configure:2920: $? = 0
configure:2924: test -z 
			 || test ! -s conftest.err
configure:2927: $? = 0
configure:2930: test -s conftest.o
configure:2933: $? = 0
configure:2944: result: yes
configure:2898: checking for strings.h
configure:2914: gcc -c   conftest.c >&5
configure:2920: $? = 0
configure:2924: test -z 
			 || test ! -s conftest.err
configure:2927: $? = 0
configure:2930: test -s conftest.o
configure:2933: $? = 0
configure:2944: result: yes
configure:2898: checking for inttypes.h
configure:2914: gcc -c   conftest.c >&5
configure:2920: $? = 0
configure:2924: test -z 
			 || test ! -s conftest.err
configure:2927: $? = 0
configure:2930: test -s conftest.o
configure:2933: $? = 0
configure:2944: result: yes
configure:2898: checking for stdint.h
configure:2914: gcc -c   conftest.c >&5
configure:2920: $? = 0
configure:2924: test -z 
			 || test ! -s conftest.err
configure:2927: $? = 0
configure:2930: test -s conftest.o
configure:2933: $? = 0
configure:2944: result: yes
configure:2898: checking for unistd.h
configure:2914: gcc -c   conftest.c >&5
configure:2920: $? = 0
configure:2924: test -z 
			 || test ! -s conftest.err
configure:2927: $? = 0
configure:2930: test -s conftest.o
configure:2933: $? = 0
configure:2944: result: yes
configure:2957: checking dirent.h
configure:2998: gcc -o conftest    conftest.c  >&5
configure:3004: $? = 0
configure:3008: test -z 
			 || test ! -s conftest.err
configure:3011: $? = 0
configure:3014: test -s conftest
configure:3017: $? = 0
configure:3029: result: yes
configure:3050: checking float.h usability
configure:3062: gcc -c   conftest.c >&5
configure:3068: $? = 0
configure:3072: test -z 
			 || test ! -s conftest.err
configure:3075: $? = 0
configure:3078: test -s conftest.o
configure:3081: $? = 0
configure:3091: result: yes
configure:3095: checking float.h presence
configure:3105: gcc -E  conftest.c
configure:3111: $? = 0
configure:3131: result: yes
configure:3166: checking for float.h
configure:3173: result: yes
configure:3198: checking values.h usability
configure:3210: gcc -c   conftest.c >&5
configure:3216: $? = 0
configure:3220: test -z 
			 || test ! -s conftest.err
configure:3223: $? = 0
configure:3226: test -s conftest.o
configure:3229: $? = 0
configure:3239: result: yes
configure:3243: checking values.h presence
configure:3253: gcc -E  conftest.c
configure:3259: $? = 0
configure:3279: result: yes
configure:3314: checking for values.h
configure:3321: result: yes
configure:3337: checking for stdlib.h
configure:3342: result: yes
configure:3539: checking for string.h
configure:3544: result: yes
configure:3738: checking sys/wait.h usability
configure:3750: gcc -c   conftest.c >&5
configure:3756: $? = 0
configure:3760: test -z 
			 || test ! -s conftest.err
configure:3763: $? = 0
configure:3766: test -s conftest.o
configure:3769: $? = 0
configure:3779: result: yes
configure:3783: checking sys/wait.h presence
configure:3793: gcc -E  conftest.c
configure:3799: $? = 0
configure:3819: result: yes
configure:3854: checking for sys/wait.h
configure:3861: result: yes
configure:3886: checking dlfcn.h usability
configure:3898: gcc -c   conftest.c >&5
configure:3904: $? = 0
configure:3908: test -z 
			 || test ! -s conftest.err
configure:3911: $? = 0
configure:3914: test -s conftest.o
configure:3917: $? = 0
configure:3927: result: yes
configure:3931: checking dlfcn.h presence
configure:3941: gcc -E  conftest.c
configure:3947: $? = 0
configure:3967: result: yes
configure:4002: checking for dlfcn.h
configure:4009: result: yes
configure:4040: checking sys/param.h usability
configure:4052: gcc -c   conftest.c >&5
configure:4058: $? = 0
configure:4062: test -z 
			 || test ! -s conftest.err
configure:4065: $? = 0
configure:4068: test -s conftest.o
configure:4071: $? = 0
configure:4081: result: yes
configure:4085: checking sys/param.h presence
configure:4095: gcc -E  conftest.c
configure:4101: $? = 0
configure:4121: result: yes
configure:4156: checking for sys/param.h
configure:4163: result: yes
configure:4190: checking if the compiler understands -pipe
configure:4213: gcc -c  -pipe  conftest.c >&5
configure:4219: $? = 0
configure:4223: test -z 
			 || test ! -s conftest.err
configure:4226: $? = 0
configure:4229: test -s conftest.o
configure:4232: $? = 0
configure:4244: result: yes
configure:4294: checking for pthread_mutex_init in -lpthread
configure:4324: gcc -o conftest  -pipe   conftest.c -lpthread   >&5
configure:4330: $? = 0
configure:4334: test -z 
			 || test ! -s conftest.err
configure:4337: $? = 0
configure:4340: test -s conftest
configure:4343: $? = 0
configure:4356: result: yes
configure:4683: checking for pthread_attr_setstacksize
configure:4740: gcc -o conftest  -pipe   conftest.c   -lpthread >&5
configure:4746: $? = 0
configure:4750: test -z 
			 || test ! -s conftest.err
configure:4753: $? = 0
configure:4756: test -s conftest
configure:4759: $? = 0
configure:4771: result: yes
configure:4683: checking for pthread_atfork
configure:4740: gcc -o conftest  -pipe   conftest.c   -lpthread >&5
configure:4746: $? = 0
configure:4750: test -z 
			 || test ! -s conftest.err
configure:4753: $? = 0
configure:4756: test -s conftest
configure:4759: $? = 0
configure:4771: result: yes
configure:4786: checking for building with threads
configure:4798: result: yes
configure:4846: checking for sin
configure:4903: gcc -o conftest  -pipe   conftest.c  >&5
conftest.c:51:6: warning: conflicting types for built-in function 'sin'; expected 'double(double)' [-Wbuiltin-declaration-mismatch]
   51 | char sin ();
      |      ^~~
conftest.c:38:1: note: 'sin' is declared in header '<math.h>'
   37 | # include <limits.h>
   38 | #else
configure:4909: $? = 0
configure:4913: test -z 
			 || test ! -s conftest.err
configure:4916: $? = 0
configure:4919: test -s conftest
configure:4922: $? = 0
configure:4934: result: yes
configure:4948: checking for main in -linet
configure:4972: gcc -o conftest  -pipe   conftest.c -linet   >&5
/usr/lib/gcc/i586-alpine-linux-musl/15.2.0/../../../../i586-alpine-linux-musl/bin/ld: cannot find -linet: No such file or directory
collect2: error: ld returned 1 exit status
configure:4978: $? = 1
configure: failed program was:
| /* confdefs.h.  */
| 
| #define PACKAGE_NAME "tcl"
| #define PACKAGE_TARNAME "tcl"
| #define PACKAGE_VERSION "8.6"
| #define PACKAGE_STRING "tcl 8.6"
| #define PACKAGE_BUGREPORT ""
| #define STDC_HEADERS 1
| #define HAVE_SYS_TYPES_H 1
| #define HAVE_SYS_STAT_H 1
| #define HAVE_STDLIB_H 1
| #define HAVE_STRING_H 1
| #define HAVE_MEMORY_H 1
| #define HAVE_STRINGS_H 1
| #define HAVE_INTTYPES_H 1
| #define HAVE_STDINT_H 1
| #define HAVE_UNISTD_H 1
| #define HAVE_SYS_PARAM_H 1
| #define USE_THREAD_ALLOC 1
| #define _REENTRANT 1
| #define _THREAD_SAFE 1
| #define HAVE_PTHREAD_ATTR_SETSTACKSIZE 1
| #define HAVE_PTHREAD_ATFORK 1
| #define TCL_THREADS 1
| #define TCL_CFGVAL_ENCODING "iso8859-1"
| /* end confdefs.h.  */
| 
| 
| int
| main ()
| {
| main ();
|   ;
|   return 0;
| }
configure:5004: result: no
configure:5020: checking net/errno.h usability
configure:5032: gcc -c  -pipe  conftest.c >&5
conftest.c:61:10: fatal error: net/errno.h: No such file or directory
   61 | #include <net/errno.h>
      |          ^~~~~~~~~~~~~
compilation terminated.
configure:5038: $? = 1
configure: failed program was:
| /* confdefs.h.  */
| 
| #define PACKAGE_NAME "tcl"
| #define PACKAGE_TARNAME "tcl"
| #define PACKAGE_VERSION "8.6"
| #define PACKAGE_STRING "tcl 8.6"
| #define PACKAGE_BUGREPORT ""
| #define STDC_HEADERS 1
| #define HAVE_SYS_TYPES_H 1
| #define HAVE_SYS_STAT_H 1
| #define HAVE_STDLIB_H 1
| #define HAVE_STRING_H 1
| #define HAVE_MEMORY_H 1
| #define HAVE_STRINGS_H 1
| #define HAVE_INTTYPES_H 1
| #define HAVE_STDINT_H 1
| #define HAVE_UNISTD_H 1
| #define HAVE_SYS_PARAM_H 1
| #define USE_THREAD_ALLOC 1
| #define _REENTRANT 1
| #define _THREAD_SAFE 1
| #define HAVE_PTHREAD_ATTR_SETSTACKSIZE 1
| #define HAVE_PTHREAD_ATFORK 1
| #define TCL_THREADS 1
| #define TCL_CFGVAL_ENCODING "iso8859-1"
| /* end confdefs.h.  */
| #include <stdio.h>
| #if HAVE_SYS_TYPES_H
| # include <sys/types.h>
| #endif
| #if HAVE_SYS_STAT_H
| # include <sys/stat.h>
| #endif
| #if STDC_HEADERS
| # include <stdlib.h>
| # include <stddef.h>
| #else
| # if HAVE_STDLIB_H
| #  include <stdlib.h>
| # endif
| #endif
| #if HAVE_STRING_H
| # if !STDC_HEADERS && HAVE_MEMORY_H
| #  include <memory.h>
| # endif
| # include <string.h>
| #endif
| #if HAVE_STRINGS_H
| # include <strings.h>
| #endif
| #if HAVE_INTTYPES_H
| # include <inttypes.h>
| #else
| # if HAVE_STDINT_H
| #  include <stdint.h>
| # endif
| #endif
| #if HAVE_UNISTD_H
| # include <unistd.h>
| #endif
| #include <net/errno.h>
configure:5061: result: no
configure:5065: checking net/errno.h presence
configure:5075: gcc -E  conftest.c
conftest.c:27:10: fatal error: net/errno.h: No such file or directory
   27 | #include <net/errno.h>
      |          ^~~~~~~~~~~~~
compilation terminated.
configure:5081: $? = 1
configure: failed program was:
| /* confdefs.h.  */
| 
| #define PACKAGE_NAME "tcl"
| #define PACKAGE_TARNAME "tcl"
| #define PACKAGE_VERSION "8.6"
| #define PACKAGE_STRING "tcl 8.6"
| #define PACKAGE_BUGREPORT ""
| #define STDC_HEADERS 1
| #define HAVE_SYS_TYPES_H 1
| #define HAVE_SYS_STAT_H 1
| #define HAVE_STDLIB_H 1
| #define HAVE_STRING_H 1
| #define HAVE_MEMORY_H 1
| #define HAVE_STRINGS_H 1
| #define HAVE_INTTYPES_H 1
| #define HAVE_STDINT_H 1
| #define HAVE_UNISTD_H 1
| #define HAVE_SYS_PARAM_H 1
| #define USE_THREAD_ALLOC 1
| #define _REENTRANT 1
| #define _THREAD_SAFE 1
| #define HAVE_PTHREAD_ATTR_SETSTACKSIZE 1
| #define HAVE_PTHREAD_ATFORK 1
| #define TCL_THREADS 1
| #define TCL_CFGVAL_ENCODING "iso8859-1"
| /* end confdefs.h.  */
| #include <net/errno.h>
configure:5101: result: no
configure:5136: checking for net/errno.h
configure:5143: result: no
configure:5177: checking for connect
configure:5234: gcc -o conftest  -pipe   conftest.c  >&5
configure:5240: $? = 0
configure:5244: test -z 
			 || test ! -s conftest.err
configure:5247: $? = 0
configure:5250: test -s conftest
configure:5253: $? = 0
configure:5265: result: yes
configure:5540: checking for gethostbyname
configure:5597: gcc -o conftest  -pipe   conftest.c  >&5
configure:5603: $? = 0
configure:5607: test -z 
			 || test ! -s conftest.err
configure:5610: $? = 0
configure:5613: test -s conftest
configure:5616: $? = 0
configure:5628: result: yes
configure:5709: checking how to build libraries
configure:5719: result: shared
configure:5742: checking for tclsh
configure:5771: result: No tclsh found on PATH
configure:5795: checking zlib.h usability
configure:5807: gcc -c  -pipe  conftest.c >&5
configure:5813: $? = 0
configure:5817: test -z 
			 || test ! -s conftest.err
configure:5820: $? = 0
configure:5823: test -s conftest.o
configure:5826: $? = 0
configure:5836: result: yes
configure:5840: checking zlib.h presence
configure:5850: gcc -E  conftest.c
configure:5856: $? = 0
configure:5876: result: yes
configure:5911: checking for zlib.h
configure:5918: result: yes
configure:5924: checking for gz_header
configure:5949: gcc -c  -pipe  conftest.c >&5
configure:5955: $? = 0
configure:5959: test -z 
			 || test ! -s conftest.err
configure:5962: $? = 0
configure:5965: test -s conftest.o
configure:5968: $? = 0
configure:5979: result: yes
configure:5995: checking for library containing deflateSetHeader
configure:6025: gcc -o conftest  -pipe   conftest.c  -lpthread >&5
/usr/lib/gcc/i586-alpine-linux-musl/15.2.0/../../../../i586-alpine-linux-musl/bin/ld: /tmp/ccgNKGCe.o: in function `main':
conftest.c:(.text+0x14): undefined reference to `deflateSetHeader'
collect2: error: ld returned 1 exit status
configure:6031: $? = 1
configure: failed program was:
| /* confdefs.h.  */
| 
| #define PACKAGE_NAME "tcl"
| #define PACKAGE_TARNAME "tcl"
| #define PACKAGE_VERSION "8.6"
| #define PACKAGE_STRING "tcl 8.6"
| #define PACKAGE_BUGREPORT ""
| #define STDC_HEADERS 1
| #define HAVE_SYS_TYPES_H 1
| #define HAVE_SYS_STAT_H 1
| #define HAVE_STDLIB_H 1
| #define HAVE_STRING_H 1
| #define HAVE_MEMORY_H 1
| #define HAVE_STRINGS_H 1
| #define HAVE_INTTYPES_H 1
| #define HAVE_STDINT_H 1
| #define HAVE_UNISTD_H 1
| #define HAVE_SYS_PARAM_H 1
| #define USE_THREAD_ALLOC 1
| #define _REENTRANT 1
| #define _THREAD_SAFE 1
| #define HAVE_PTHREAD_ATTR_SETSTACKSIZE 1
| #define HAVE_PTHREAD_ATFORK 1
| #define TCL_THREADS 1
| #define TCL_CFGVAL_ENCODING "iso8859-1"
| /* end confdefs.h.  */
| 
| /* Override any gcc2 internal prototype to avoid an error.  */
| #ifdef __cplusplus
| extern "C"
| #endif
| /* We use char because int might match the return type of a gcc2
|    builtin and then its argument prototype would still apply.  */
| char deflateSetHeader ();
| int
| main ()
| {
| deflateSetHeader ();
|   ;
|   return 0;
| }
configure:6080: gcc -o conftest  -pipe   conftest.c -lz   -lpthread >&5
configure:6086: $? = 0
configure:6090: test -z 
			 || test ! -s conftest.err
configure:6093: $? = 0
configure:6096: test -s conftest
configure:6099: $? = 0
configure:6114: result: -lz
configure:6191: checking for ranlib
configure:6207: found /usr/bin/ranlib
configure:6218: result: ranlib
configure:6234: checking if 64bit support is requested
configure:6243: result: no
configure:6248: checking if 64bit Sparc VIS support is requested
configure:6257: result: no
configure:6268: checking if compiler supports visibility "hidden"
configure:6293: gcc -o conftest  -pipe -Werror   conftest.c -lz  -lpthread >&5
configure:6299: $? = 0
configure:6303: test -z 
			 || test ! -s conftest.err
configure:6306: $? = 0
configure:6309: test -s conftest
configure:6312: $? = 0
configure:6325: result: yes
configure:6345: checking if rpath support is requested
configure:6354: result: yes
configure:6361: checking system version
configure:6392: result: Linux-6.12.76-linuxkit
configure:6400: checking for dlopen in -ldl
configure:6430: gcc -o conftest  -pipe   conftest.c -ldl  -lz  -lpthread >&5
configure:6436: $? = 0
configure:6440: test -z 
			 || test ! -s conftest.err
configure:6443: $? = 0
configure:6446: test -s conftest
configure:6449: $? = 0
configure:6462: result: yes
configure:6543: checking for ar
configure:6559: found /usr/bin/ar
configure:6569: result: ar
configure:8852: checking for cast to union support
configure:8876: gcc -c  -pipe  conftest.c >&5
configure:8882: $? = 0
configure:8886: test -z 
			 || test ! -s conftest.err
configure:8889: $? = 0
configure:8892: test -s conftest.o
configure:8895: $? = 0
configure:8907: result: yes
configure:8917: checking for working -fno-lto
configure:8938: gcc -c  -pipe -fno-lto  conftest.c >&5
configure:8944: $? = 0
configure:8948: test -z 
			 || test ! -s conftest.err
configure:8951: $? = 0
configure:8954: test -s conftest.o
configure:8957: $? = 0
configure:8969: result: yes
configure:8986: checking for vfork
configure:9043: gcc -o conftest  -pipe   -Wl,--export-dynamic  conftest.c -lz  -lpthread >&5
configure:9049: $? = 0
configure:9053: test -z 
			 || test ! -s conftest.err
configure:9056: $? = 0
configure:9059: test -s conftest
configure:9062: $? = 0
configure:9074: result: yes
configure:8986: checking for posix_spawnp
configure:9043: gcc -o conftest  -pipe   -Wl,--export-dynamic  conftest.c -lz  -lpthread >&5
configure:9049: $? = 0
configure:9053: test -z 
			 || test ! -s conftest.err
configure:9056: $? = 0
configure:9059: test -s conftest
configure:9062: $? = 0
configure:9074: result: yes
configure:8986: checking for posix_spawn_file_actions_adddup2
configure:9043: gcc -o conftest  -pipe   -Wl,--export-dynamic  conftest.c -lz  -lpthread >&5
configure:9049: $? = 0
configure:9053: test -z 
			 || test ! -s conftest.err
configure:9056: $? = 0
configure:9059: test -s conftest
configure:9062: $? = 0
configure:9074: result: yes
configure:8986: checking for posix_spawnattr_setflags
configure:9043: gcc -o conftest  -pipe   -Wl,--export-dynamic  conftest.c -lz  -lpthread >&5
configure:9049: $? = 0
configure:9053: test -z 
			 || test ! -s conftest.err
configure:9056: $? = 0
configure:9059: test -s conftest
configure:9062: $? = 0
configure:9074: result: yes
configure:9128: checking for build with symbols
configure:9146: result: no
configure:9207: checking for required early compiler flags
configure:9230: gcc -c  -pipe  conftest.c >&5
configure:9236: $? = 0
configure:9240: test -z 
			 || test ! -s conftest.err
configure:9243: $? = 0
configure:9246: test -s conftest.o
configure:9249: $? = 0
configure:9335: gcc -c  -pipe  conftest.c >&5
conftest.c: In function 'main':
conftest.c:43:15: error: storage size of 'buf' isn't known
   43 | struct stat64 buf; int i = stat64("/", &buf);
      |               ^~~
conftest.c:43:28: error: implicit declaration of function 'stat64'; did you mean 'stat'? [-Wimplicit-function-declaration]
   43 | struct stat64 buf; int i = stat64("/", &buf);
      |                            ^~~~~~
      |                            stat
configure:9341: $? = 1
configure: failed program was:
| /* confdefs.h.  */
| 
| #define PACKAGE_NAME "tcl"
| #define PACKAGE_TARNAME "tcl"
| #define PACKAGE_VERSION "8.6"
| #define PACKAGE_STRING "tcl 8.6"
| #define PACKAGE_BUGREPORT ""
| #define STDC_HEADERS 1
| #define HAVE_SYS_TYPES_H 1
| #define HAVE_SYS_STAT_H 1
| #define HAVE_STDLIB_H 1
| #define HAVE_STRING_H 1
| #define HAVE_MEMORY_H 1
| #define HAVE_STRINGS_H 1
| #define HAVE_INTTYPES_H 1
| #define HAVE_STDINT_H 1
| #define HAVE_UNISTD_H 1
| #define HAVE_SYS_PARAM_H 1
| #define USE_THREAD_ALLOC 1
| #define _REENTRANT 1
| #define _THREAD_SAFE 1
| #define HAVE_PTHREAD_ATTR_SETSTACKSIZE 1
| #define HAVE_PTHREAD_ATFORK 1
| #define TCL_THREADS 1
| #define TCL_CFGVAL_ENCODING "iso8859-1"
| #define HAVE_ZLIB 1
| #define MODULE_SCOPE extern __attribute__((__visibility__("hidden")))
| #define HAVE_HIDDEN 1
| #define HAVE_CAST_TO_UNION 1
| #define HAVE_VFORK 1
| #define HAVE_POSIX_SPAWNP 1
| #define HAVE_POSIX_SPAWN_FILE_ACTIONS_ADDDUP2 1
| #define HAVE_POSIX_SPAWNATTR_SETFLAGS 1
| #define TCL_SHLIB_EXT ".so"
| #define NDEBUG 1
| #define TCL_CFG_OPTIMIZED 1
| #define MP_PREC 4
| /* end confdefs.h.  */
| #include <sys/stat.h>
| int
| main ()
| {
| struct stat64 buf; int i = stat64("/", &buf);
|   ;
|   return 0;
| }
configure:9378: gcc -c  -pipe  conftest.c >&5
configure:9384: $? = 0
configure:9388: test -z 
			 || test ! -s conftest.err
configure:9391: $? = 0
configure:9394: test -s conftest.o
configure:9397: $? = 0
configure:9424: result:  _LARGEFILE64_SOURCE
configure:9430: checking for 64-bit integer type
configure:9454: gcc -c  -pipe  conftest.c >&5
conftest.c: In function 'main':
conftest.c:44:1: error: unknown type name '__int64'
   44 | __int64 value = (__int64) 0;
      | ^~~~~~~
conftest.c:44:18: error: '__int64' undeclared (first use in this function)
   44 | __int64 value = (__int64) 0;
      |                  ^~~~~~~
conftest.c:44:18: note: each undeclared identifier is reported only once for each function it appears in
conftest.c:44:27: error: expected ',' or ';' before numeric constant
   44 | __int64 value = (__int64) 0;
      |                           ^
configure:9460: $? = 1
configure: failed program was:
| /* confdefs.h.  */
| 
| #define PACKAGE_NAME "tcl"
| #define PACKAGE_TARNAME "tcl"
| #define PACKAGE_VERSION "8.6"
| #define PACKAGE_STRING "tcl 8.6"
| #define PACKAGE_BUGREPORT ""
| #define STDC_HEADERS 1
| #define HAVE_SYS_TYPES_H 1
| #define HAVE_SYS_STAT_H 1
| #define HAVE_STDLIB_H 1
| #define HAVE_STRING_H 1
| #define HAVE_MEMORY_H 1
| #define HAVE_STRINGS_H 1
| #define HAVE_INTTYPES_H 1
| #define HAVE_STDINT_H 1
| #define HAVE_UNISTD_H 1
| #define HAVE_SYS_PARAM_H 1
| #define USE_THREAD_ALLOC 1
| #define _REENTRANT 1
| #define _THREAD_SAFE 1
| #define HAVE_PTHREAD_ATTR_SETSTACKSIZE 1
| #define HAVE_PTHREAD_ATFORK 1
| #define TCL_THREADS 1
| #define TCL_CFGVAL_ENCODING "iso8859-1"
| #define HAVE_ZLIB 1
| #define MODULE_SCOPE extern __attribute__((__visibility__("hidden")))
| #define HAVE_HIDDEN 1
| #define HAVE_CAST_TO_UNION 1
| #define HAVE_VFORK 1
| #define HAVE_POSIX_SPAWNP 1
| #define HAVE_POSIX_SPAWN_FILE_ACTIONS_ADDDUP2 1
| #define HAVE_POSIX_SPAWNATTR_SETFLAGS 1
| #define TCL_SHLIB_EXT ".so"
| #define NDEBUG 1
| #define TCL_CFG_OPTIMIZED 1
| #define MP_PREC 4
| #define _LARGEFILE64_SOURCE 1
| /* end confdefs.h.  */
| 
| int
| main ()
| {
| __int64 value = (__int64) 0;
|   ;
|   return 0;
| }
configure:9504: gcc -c  -pipe  conftest.c >&5
configure:9510: $? = 0
configure:9514: test -z 
			 || test ! -s conftest.err
configure:9517: $? = 0
configure:9520: test -s conftest.o
configure:9523: $? = 0
configure:9548: result: long long
configure:9552: checking for struct dirent64
configure:9575: gcc -c  -pipe  conftest.c >&5
configure:9581: $? = 0
configure:9585: test -z 
			 || test ! -s conftest.err
configure:9588: $? = 0
configure:9591: test -s conftest.o
configure:9594: $? = 0
configure:9605: result: yes
configure:9615: checking for DIR64
configure:9639: gcc -c  -pipe  conftest.c >&5
conftest.c: In function 'main':
conftest.c:47:21: error: unknown type name 'DIR64'; did you mean 'DIR'?
   47 | struct dirent64 *p; DIR64 d = opendir64(".");
      |                     ^~~~~
      |                     DIR
conftest.c:47:31: error: implicit declaration of function 'opendir64'; did you mean 'opendir'? [-Wimplicit-function-declaration]
   47 | struct dirent64 *p; DIR64 d = opendir64(".");
      |                               ^~~~~~~~~
      |                               opendir
conftest.c:48:27: error: passing argument 1 of 'readdir' makes pointer from integer without a cast [-Wint-conversion]
   48 |             p = readdir64(d); rewinddir64(d); closedir64(d);
      |                           ^
      |                           |
      |                           int
In file included from conftest.c:43:
/usr/include/dirent.h:36:24: note: expected 'DIR *' but argument is of type 'int'
   36 | struct dirent *readdir(DIR *);
      |                        ^~~~~
conftest.c:48:31: error: implicit declaration of function 'rewinddir64'; did you mean 'rewinddir'? [-Wimplicit-function-declaration]
   48 |             p = readdir64(d); rewinddir64(d); closedir64(d);
      |                               ^~~~~~~~~~~
      |                               rewinddir
conftest.c:48:47: error: implicit declaration of function 'closedir64'; did you mean 'closedir'? [-Wimplicit-function-declaration]
   48 |             p = readdir64(d); rewinddir64(d); closedir64(d);
      |                                               ^~~~~~~~~~
      |                                               closedir
configure:9645: $? = 1
configure: failed program was:
| /* confdefs.h.  */
| 
| #define PACKAGE_NAME "tcl"
| #define PACKAGE_TARNAME "tcl"
| #define PACKAGE_VERSION "8.6"
| #define PACKAGE_STRING "tcl 8.6"
| #define PACKAGE_BUGREPORT ""
| #define STDC_HEADERS 1
| #define HAVE_SYS_TYPES_H 1
| #define HAVE_SYS_STAT_H 1
| #define HAVE_STDLIB_H 1
| #define HAVE_STRING_H 1
| #define HAVE_MEMORY_H 1
| #define HAVE_STRINGS_H 1
| #define HAVE_INTTYPES_H 1
| #define HAVE_STDINT_H 1
| #define HAVE_UNISTD_H 1
| #define HAVE_SYS_PARAM_H 1
| #define USE_THREAD_ALLOC 1
| #define _REENTRANT 1
| #define _THREAD_SAFE 1
| #define HAVE_PTHREAD_ATTR_SETSTACKSIZE 1
| #define HAVE_PTHREAD_ATFORK 1
| #define TCL_THREADS 1
| #define TCL_CFGVAL_ENCODING "iso8859-1"
| #define HAVE_ZLIB 1
| #define MODULE_SCOPE extern __attribute__((__visibility__("hidden")))
| #define HAVE_HIDDEN 1
| #define HAVE_CAST_TO_UNION 1
| #define HAVE_VFORK 1
| #define HAVE_POSIX_SPAWNP 1
| #define HAVE_POSIX_SPAWN_FILE_ACTIONS_ADDDUP2 1
| #define HAVE_POSIX_SPAWNATTR_SETFLAGS 1
| #define TCL_SHLIB_EXT ".so"
| #define NDEBUG 1
| #define TCL_CFG_OPTIMIZED 1
| #define MP_PREC 4
| #define _LARGEFILE64_SOURCE 1
| #define TCL_WIDE_INT_TYPE long long
| #define HAVE_STRUCT_DIRENT64 1
| /* end confdefs.h.  */
| #include <sys/types.h>
| #include <dirent.h>
| int
| main ()
| {
| struct dirent64 *p; DIR64 d = opendir64(".");
| 	    p = readdir64(d); rewinddir64(d); closedir64(d);
|   ;
|   return 0;
| }
configure:9669: result: no
configure:9679: checking for struct stat64
configure:9702: gcc -c  -pipe  conftest.c >&5
configure:9708: $? = 0
configure:9712: test -z 
			 || test ! -s conftest.err
configure:9715: $? = 0
configure:9718: test -s conftest.o
configure:9721: $? = 0
configure:9732: result: yes
configure:9747: checking for open64
configure:9804: gcc -o conftest  -pipe   -Wl,--export-dynamic  conftest.c -lz  -lpthread >&5
/usr/lib/gcc/i586-alpine-linux-musl/15.2.0/../../../../i586-alpine-linux-musl/bin/ld: /tmp/ccbhFLiB.o: in function `main':
conftest.c:(.text+0x15): undefined reference to `open64'
/usr/lib/gcc/i586-alpine-linux-musl/15.2.0/../../../../i586-alpine-linux-musl/bin/ld: /tmp/ccbhFLiB.o:(.data.rel+0x0): undefined reference to `open64'
collect2: error: ld returned 1 exit status
configure:9810: $? = 1
configure: failed program was:
| /* confdefs.h.  */
| 
| #define PACKAGE_NAME "tcl"
| #define PACKAGE_TARNAME "tcl"
| #define PACKAGE_VERSION "8.6"
| #define PACKAGE_STRING "tcl 8.6"
| #define PACKAGE_BUGREPORT ""
| #define STDC_HEADERS 1
| #define HAVE_SYS_TYPES_H 1
| #define HAVE_SYS_STAT_H 1
| #define HAVE_STDLIB_H 1
| #define HAVE_STRING_H 1
| #define HAVE_MEMORY_H 1
| #define HAVE_STRINGS_H 1
| #define HAVE_INTTYPES_H 1
| #define HAVE_STDINT_H 1
| #define HAVE_UNISTD_H 1
| #define HAVE_SYS_PARAM_H 1
| #define USE_THREAD_ALLOC 1
| #define _REENTRANT 1
| #define _THREAD_SAFE 1
| #define HAVE_PTHREAD_ATTR_SETSTACKSIZE 1
| #define HAVE_PTHREAD_ATFORK 1
| #define TCL_THREADS 1
| #define TCL_CFGVAL_ENCODING "iso8859-1"
| #define HAVE_ZLIB 1
| #define MODULE_SCOPE extern __attribute__((__visibility__("hidden")))
| #define HAVE_HIDDEN 1
| #define HAVE_CAST_TO_UNION 1
| #define HAVE_VFORK 1
| #define HAVE_POSIX_SPAWNP 1
| #define HAVE_POSIX_SPAWN_FILE_ACTIONS_ADDDUP2 1
| #define HAVE_POSIX_SPAWNATTR_SETFLAGS 1
| #define TCL_SHLIB_EXT ".so"
| #define NDEBUG 1
| #define TCL_CFG_OPTIMIZED 1
| #define MP_PREC 4
| #define _LARGEFILE64_SOURCE 1
| #define TCL_WIDE_INT_TYPE long long
| #define HAVE_STRUCT_DIRENT64 1
| #define HAVE_STRUCT_STAT64 1
| /* end confdefs.h.  */
| /* Define open64 to an innocuous variant, in case <limits.h> declares open64.
|    For example, HP-UX 11i <limits.h> declares gettimeofday.  */
| #define open64 innocuous_open64
| 
| /* System header to define __stub macros and hopefully few prototypes,
|     which can conflict with char open64 (); below.
|     Prefer <limits.h> to <assert.h> if __STDC__ is defined, since
|     <limits.h> exists even on freestanding compilers.  */
| 
| #ifdef __STDC__
| # include <limits.h>
| #else
| # include <assert.h>
| #endif
| 
| #undef open64
| 
| /* Override any gcc2 internal prototype to avoid an error.  */
| #ifdef __cplusplus
| extern "C"
| {
| #endif
| /* We use char because int might match the return type of a gcc2
|    builtin and then its argument prototype would still apply.  */
| char open64 ();
| /* The GNU C library defines this for functions which it implements
|     to always fail with ENOSYS.  Some functions are actually named
|     something starting with __ and the normal name is an alias.  */
| #if defined (__stub_open64) || defined (__stub___open64)
| choke me
| #else
| char (*f) () = open64;
| #endif
| #ifdef __cplusplus
| }
| #endif
| 
| int
| main ()
| {
| return f != open64;
|   ;
|   return 0;
| }
configure:9835: result: no
configure:9747: checking for lseek64
configure:9804: gcc -o conftest  -pipe   -Wl,--export-dynamic  conftest.c -lz  -lpthread >&5
/usr/lib/gcc/i586-alpine-linux-musl/15.2.0/../../../../i586-alpine-linux-musl/bin/ld: /tmp/cchIIJAb.o: in function `main':
conftest.c:(.text+0x15): undefined reference to `lseek64'
/usr/lib/gcc/i586-alpine-linux-musl/15.2.0/../../../../i586-alpine-linux-musl/bin/ld: /tmp/cchIIJAb.o:(.data.rel+0x0): undefined reference to `lseek64'
collect2: error: ld returned 1 exit status
configure:9810: $? = 1
configure: failed program was:
| /* confdefs.h.  */
| 
| #define PACKAGE_NAME "tcl"
| #define PACKAGE_TARNAME "tcl"
| #define PACKAGE_VERSION "8.6"
| #define PACKAGE_STRING "tcl 8.6"
| #define PACKAGE_BUGREPORT ""
| #define STDC_HEADERS 1
| #define HAVE_SYS_TYPES_H 1
| #define HAVE_SYS_STAT_H 1
| #define HAVE_STDLIB_H 1
| #define HAVE_STRING_H 1
| #define HAVE_MEMORY_H 1
| #define HAVE_STRINGS_H 1
| #define HAVE_INTTYPES_H 1
| #define HAVE_STDINT_H 1
| #define HAVE_UNISTD_H 1
| #define HAVE_SYS_PARAM_H 1
| #define USE_THREAD_ALLOC 1
| #define _REENTRANT 1
| #define _THREAD_SAFE 1
| #define HAVE_PTHREAD_ATTR_SETSTACKSIZE 1
| #define HAVE_PTHREAD_ATFORK 1
| #define TCL_THREADS 1
| #define TCL_CFGVAL_ENCODING "iso8859-1"
| #define HAVE_ZLIB 1
| #define MODULE_SCOPE extern __attribute__((__visibility__("hidden")))
| #define HAVE_HIDDEN 1
| #define HAVE_CAST_TO_UNION 1
| #define HAVE_VFORK 1
| #define HAVE_POSIX_SPAWNP 1
| #define HAVE_POSIX_SPAWN_FILE_ACTIONS_ADDDUP2 1
| #define HAVE_POSIX_SPAWNATTR_SETFLAGS 1
| #define TCL_SHLIB_EXT ".so"
| #define NDEBUG 1
| #define TCL_CFG_OPTIMIZED 1
| #define MP_PREC 4
| #define _LARGEFILE64_SOURCE 1
| #define TCL_WIDE_INT_TYPE long long
| #define HAVE_STRUCT_DIRENT64 1
| #define HAVE_STRUCT_STAT64 1
| /* end confdefs.h.  */
| /* Define lseek64 to an innocuous variant, in case <limits.h> declares lseek64.
|    For example, HP-UX 11i <limits.h> declares gettimeofday.  */
| #define lseek64 innocuous_lseek64
| 
| /* System header to define __stub macros and hopefully few prototypes,
|     which can conflict with char lseek64 (); below.
|     Prefer <limits.h> to <assert.h> if __STDC__ is defined, since
|     <limits.h> exists even on freestanding compilers.  */
| 
| #ifdef __STDC__
| # include <limits.h>
| #else
| # include <assert.h>
| #endif
| 
| #undef lseek64
| 
| /* Override any gcc2 internal prototype to avoid an error.  */
| #ifdef __cplusplus
| extern "C"
| {
| #endif
| /* We use char because int might match the return type of a gcc2
|    builtin and then its argument prototype would still apply.  */
| char lseek64 ();
| /* The GNU C library defines this for functions which it implements
|     to always fail with ENOSYS.  Some functions are actually named
|     something starting with __ and the normal name is an alias.  */
| #if defined (__stub_lseek64) || defined (__stub___lseek64)
| choke me
| #else
| char (*f) () = lseek64;
| #endif
| #ifdef __cplusplus
| }
| #endif
| 
| int
| main ()
| {
| return f != lseek64;
|   ;
|   return 0;
| }
configure:9835: result: no
configure:9845: checking for off64_t
configure:9868: gcc -c  -pipe  conftest.c >&5
configure:9874: $? = 0
configure:9878: test -z 
			 || test ! -s conftest.err
configure:9881: $? = 0
configure:9884: test -s conftest.o
configure:9887: $? = 0
configure:9910: result: no
configure:9921: checking whether byte ordering is bigendian
configure:9948: gcc -c  -pipe  conftest.c >&5
configure:9954: $? = 0
configure:9958: test -z 
			 || test ! -s conftest.err
configure:9961: $? = 0
configure:9964: test -s conftest.o
configure:9967: $? = 0
configure:9991: gcc -c  -pipe  conftest.c >&5
conftest.c: In function 'main':
conftest.c:50:2: error: unknown type name 'not'; did you mean 'ino_t'?
   50 |  not big endian
      |  ^~~
      |  ino_t
conftest.c:50:10: error: expected '=', ',', ';', 'asm' or '__attribute__' before 'endian'
   50 |  not big endian
      |          ^~~~~~
configure:9997: $? = 1
configure: failed program was:
| /* confdefs.h.  */
| 
| #define PACKAGE_NAME "tcl"
| #define PACKAGE_TARNAME "tcl"
| #define PACKAGE_VERSION "8.6"
| #define PACKAGE_STRING "tcl 8.6"
| #define PACKAGE_BUGREPORT ""
| #define STDC_HEADERS 1
| #define HAVE_SYS_TYPES_H 1
| #define HAVE_SYS_STAT_H 1
| #define HAVE_STDLIB_H 1
| #define HAVE_STRING_H 1
| #define HAVE_MEMORY_H 1
| #define HAVE_STRINGS_H 1
| #define HAVE_INTTYPES_H 1
| #define HAVE_STDINT_H 1
| #define HAVE_UNISTD_H 1
| #define HAVE_SYS_PARAM_H 1
| #define USE_THREAD_ALLOC 1
| #define _REENTRANT 1
| #define _THREAD_SAFE 1
| #define HAVE_PTHREAD_ATTR_SETSTACKSIZE 1
| #define HAVE_PTHREAD_ATFORK 1
| #define TCL_THREADS 1
| #define TCL_CFGVAL_ENCODING "iso8859-1"
| #define HAVE_ZLIB 1
| #define MODULE_SCOPE extern __attribute__((__visibility__("hidden")))
| #define HAVE_HIDDEN 1
| #define HAVE_CAST_TO_UNION 1
| #define HAVE_VFORK 1
| #define HAVE_POSIX_SPAWNP 1
| #define HAVE_POSIX_SPAWN_FILE_ACTIONS_ADDDUP2 1
| #define HAVE_POSIX_SPAWNATTR_SETFLAGS 1
| #define TCL_SHLIB_EXT ".so"
| #define NDEBUG 1
| #define TCL_CFG_OPTIMIZED 1
| #define MP_PREC 4
| #define _LARGEFILE64_SOURCE 1
| #define TCL_WIDE_INT_TYPE long long
| #define HAVE_STRUCT_DIRENT64 1
| #define HAVE_STRUCT_STAT64 1
| /* end confdefs.h.  */
| #include <sys/types.h>
| #include <sys/param.h>
| 
| int
| main ()
| {
| #if BYTE_ORDER != BIG_ENDIAN
|  not big endian
| #endif
| 
|   ;
|   return 0;
| }
configure:10132: result: no
configure:10162: checking for getcwd
configure:10219: gcc -o conftest  -pipe   -Wl,--export-dynamic  conftest.c -lz  -lpthread >&5
configure:10225: $? = 0
configure:10229: test -z 
			 || test ! -s conftest.err
configure:10232: $? = 0
configure:10235: test -s conftest
configure:10238: $? = 0
configure:10250: result: yes
configure:10276: checking for mkstemp
configure:10333: gcc -o conftest  -pipe   -Wl,--export-dynamic  conftest.c -lz  -lpthread >&5
configure:10339: $? = 0
configure:10343: test -z 
			 || test ! -s conftest.err
configure:10346: $? = 0
configure:10349: test -s conftest
configure:10352: $? = 0
configure:10364: result: yes
configure:10276: checking for opendir
configure:10333: gcc -o conftest  -pipe   -Wl,--export-dynamic  conftest.c -lz  -lpthread >&5
configure:10339: $? = 0
configure:10343: test -z 
			 || test ! -s conftest.err
configure:10346: $? = 0
configure:10349: test -s conftest
configure:10352: $? = 0
configure:10364: result: yes
configure:10276: checking for strtol
configure:10333: gcc -o conftest  -pipe   -Wl,--export-dynamic  conftest.c -lz  -lpthread >&5
configure:10339: $? = 0
configure:10343: test -z 
			 || test ! -s conftest.err
configure:10346: $? = 0
configure:10349: test -s conftest
configure:10352: $? = 0
configure:10364: result: yes
configure:10276: checking for waitpid
configure:10333: gcc -o conftest  -pipe   -Wl,--export-dynamic  conftest.c -lz  -lpthread >&5
configure:10339: $? = 0
configure:10343: test -z 
			 || test ! -s conftest.err
configure:10346: $? = 0
configure:10349: test -s conftest
configure:10352: $? = 0
configure:10364: result: yes
configure:10384: checking for strerror
configure:10441: gcc -o conftest  -pipe   -Wl,--export-dynamic  conftest.c -lz  -lpthread >&5
configure:10447: $? = 0
configure:10451: test -z 
			 || test ! -s conftest.err
configure:10454: $? = 0
configure:10457: test -s conftest
configure:10460: $? = 0
configure:10472: result: yes
configure:10484: checking for getwd
configure:10541: gcc -o conftest  -pipe   -Wl,--export-dynamic  conftest.c -lz  -lpthread >&5
/usr/lib/gcc/i586-alpine-linux-musl/15.2.0/../../../../i586-alpine-linux-musl/bin/ld: /tmp/ccnKpAJB.o: in function `main':
conftest.c:(.text+0x15): undefined reference to `getwd'
/usr/lib/gcc/i586-alpine-linux-musl/15.2.0/../../../../i586-alpine-linux-musl/bin/ld: /tmp/ccnKpAJB.o:(.data.rel+0x0): undefined reference to `getwd'
collect2: error: ld returned 1 exit status
configure:10547: $? = 1
configure: failed program was:
| /* confdefs.h.  */
| 
| #define PACKAGE_NAME "tcl"
| #define PACKAGE_TARNAME "tcl"
| #define PACKAGE_VERSION "8.6"
| #define PACKAGE_STRING "tcl 8.6"
| #define PACKAGE_BUGREPORT ""
| #define STDC_HEADERS 1
| #define HAVE_SYS_TYPES_H 1
| #define HAVE_SYS_STAT_H 1
| #define HAVE_STDLIB_H 1
| #define HAVE_STRING_H 1
| #define HAVE_MEMORY_H 1
| #define HAVE_STRINGS_H 1
| #define HAVE_INTTYPES_H 1
| #define HAVE_STDINT_H 1
| #define HAVE_UNISTD_H 1
| #define HAVE_SYS_PARAM_H 1
| #define USE_THREAD_ALLOC 1
| #define _REENTRANT 1
| #define _THREAD_SAFE 1
| #define HAVE_PTHREAD_ATTR_SETSTACKSIZE 1
| #define HAVE_PTHREAD_ATFORK 1
| #define TCL_THREADS 1
| #define TCL_CFGVAL_ENCODING "iso8859-1"
| #define HAVE_ZLIB 1
| #define MODULE_SCOPE extern __attribute__((__visibility__("hidden")))
| #define HAVE_HIDDEN 1
| #define HAVE_CAST_TO_UNION 1
| #define HAVE_VFORK 1
| #define HAVE_POSIX_SPAWNP 1
| #define HAVE_POSIX_SPAWN_FILE_ACTIONS_ADDDUP2 1
| #define HAVE_POSIX_SPAWNATTR_SETFLAGS 1
| #define TCL_SHLIB_EXT ".so"
| #define NDEBUG 1
| #define TCL_CFG_OPTIMIZED 1
| #define MP_PREC 4
| #define _LARGEFILE64_SOURCE 1
| #define TCL_WIDE_INT_TYPE long long
| #define HAVE_STRUCT_DIRENT64 1
| #define HAVE_STRUCT_STAT64 1
| #define HAVE_GETCWD 1
| #define HAVE_MKSTEMP 1
| #define HAVE_OPENDIR 1
| #define HAVE_STRTOL 1
| #define HAVE_WAITPID 1
| /* end confdefs.h.  */
| /* Define getwd to an innocuous variant, in case <limits.h> declares getwd.
|    For example, HP-UX 11i <limits.h> declares gettimeofday.  */
| #define getwd innocuous_getwd
| 
| /* System header to define __stub macros and hopefully few prototypes,
|     which can conflict with char getwd (); below.
|     Prefer <limits.h> to <assert.h> if __STDC__ is defined, since
|     <limits.h> exists even on freestanding compilers.  */
| 
| #ifdef __STDC__
| # include <limits.h>
| #else
| # include <assert.h>
| #endif
| 
| #undef getwd
| 
| /* Override any gcc2 internal prototype to avoid an error.  */
| #ifdef __cplusplus
| extern "C"
| {
| #endif
| /* We use char because int might match the return type of a gcc2
|    builtin and then its argument prototype would still apply.  */
| char getwd ();
| /* The GNU C library defines this for functions which it implements
|     to always fail with ENOSYS.  Some functions are actually named
|     something starting with __ and the normal name is an alias.  */
| #if defined (__stub_getwd) || defined (__stub___getwd)
| choke me
| #else
| char (*f) () = getwd;
| #endif
| #ifdef __cplusplus
| }
| #endif
| 
| int
| main ()
| {
| return f != getwd;
|   ;
|   return 0;
| }
configure:10572: result: no
configure:10584: checking for wait3
configure:10641: gcc -o conftest  -pipe   -Wl,--export-dynamic  conftest.c -lz  -lpthread >&5
configure:10647: $? = 0
configure:10651: test -z 
			 || test ! -s conftest.err
configure:10654: $? = 0
configure:10657: test -s conftest
configure:10660: $? = 0
configure:10672: result: yes
configure:10684: checking for fork
configure:10741: gcc -o conftest  -pipe   -Wl,--export-dynamic  conftest.c -lz  -lpthread >&5
conftest.c:73:6: warning: conflicting types for built-in function 'fork'; expected 'int(void)' [-Wbuiltin-declaration-mismatch]
   73 | char fork ();
      |      ^~~~
configure:10747: $? = 0
configure:10751: test -z 
			 || test ! -s conftest.err
configure:10754: $? = 0
configure:10757: test -s conftest
configure:10760: $? = 0
configure:10772: result: yes
configure:10784: checking for mknod
configure:10841: gcc -o conftest  -pipe   -Wl,--export-dynamic  conftest.c -lz  -lpthread >&5
configure:10847: $? = 0
configure:10851: test -z 
			 || test ! -s conftest.err
configure:10854: $? = 0
configure:10857: test -s conftest
configure:10860: $? = 0
configure:10872: result: yes
configure:10884: checking for tcdrain
configure:10941: gcc -o conftest  -pipe   -Wl,--export-dynamic  conftest.c -lz  -lpthread >&5
configure:10947: $? = 0
configure:10951: test -z 
			 || test ! -s conftest.err
configure:10954: $? = 0
configure:10957: test -s conftest
configure:10960: $? = 0
configure:10972: result: yes
configure:10984: checking for uname
configure:11041: gcc -o conftest  -pipe   -Wl,--export-dynamic  conftest.c -lz  -lpthread >&5
configure:11047: $? = 0
configure:11051: test -z 
			 || test ! -s conftest.err
configure:11054: $? = 0
configure:11057: test -s conftest
configure:11060: $? = 0
configure:11072: result: yes
configure:11091: checking for realpath
configure:11148: gcc -o conftest  -pipe   -Wl,--export-dynamic  conftest.c -lz  -lpthread >&5
configure:11154: $? = 0
configure:11158: test -z 
			 || test ! -s conftest.err
configure:11161: $? = 0
configure:11164: test -s conftest
configure:11167: $? = 0
configure:11179: result: yes
configure:11201: checking for getnameinfo
configure:11258: gcc -o conftest  -pipe   -Wl,--export-dynamic  conftest.c -lz  -lpthread >&5
configure:11264: $? = 0
configure:11268: test -z 
			 || test ! -s conftest.err
configure:11271: $? = 0
configure:11274: test -s conftest
configure:11277: $? = 0
configure:11289: result: yes
configure:11201: checking for getaddrinfo
configure:11258: gcc -o conftest  -pipe   -Wl,--export-dynamic  conftest.c -lz  -lpthread >&5
configure:11264: $? = 0
configure:11268: test -z 
			 || test ! -s conftest.err
configure:11271: $? = 0
configure:11274: test -s conftest
configure:11277: $? = 0
configure:11289: result: yes
configure:11201: checking for freeaddrinfo
configure:11258: gcc -o conftest  -pipe   -Wl,--export-dynamic  conftest.c -lz  -lpthread >&5
configure:11264: $? = 0
configure:11268: test -z 
			 || test ! -s conftest.err
configure:11271: $? = 0
configure:11274: test -s conftest
configure:11277: $? = 0
configure:11289: result: yes
configure:11201: checking for gai_strerror
configure:11258: gcc -o conftest  -pipe   -Wl,--export-dynamic  conftest.c -lz  -lpthread >&5
configure:11264: $? = 0
configure:11268: test -z 
			 || test ! -s conftest.err
configure:11271: $? = 0
configure:11274: test -s conftest
configure:11277: $? = 0
configure:11289: result: yes
configure:11301: checking for struct addrinfo
configure:11331: gcc -c  -pipe  conftest.c >&5
configure:11337: $? = 0
configure:11341: test -z 
			 || test ! -s conftest.err
configure:11344: $? = 0
configure:11347: test -s conftest.o
configure:11350: $? = 0
configure:11361: result: yes
configure:11373: checking for struct in6_addr
configure:11403: gcc -c  -pipe  conftest.c >&5
configure:11409: $? = 0
configure:11413: test -z 
			 || test ! -s conftest.err
configure:11416: $? = 0
configure:11419: test -s conftest.o
configure:11422: $? = 0
configure:11433: result: yes
configure:11445: checking for struct sockaddr_in6
configure:11475: gcc -c  -pipe  conftest.c >&5
configure:11481: $? = 0
configure:11485: test -z 
			 || test ! -s conftest.err
configure:11488: $? = 0
configure:11491: test -s conftest.o
configure:11494: $? = 0
configure:11505: result: yes
configure:11517: checking for struct sockaddr_storage
configure:11547: gcc -c  -pipe  conftest.c >&5
configure:11553: $? = 0
configure:11557: test -z 
			 || test ! -s conftest.err
configure:11560: $? = 0
configure:11563: test -s conftest.o
configure:11566: $? = 0
configure:11577: result: yes
configure:11703: checking for getpwuid_r
configure:11760: gcc -o conftest  -pipe   -Wl,--export-dynamic  conftest.c -lz  -lpthread >&5
configure:11766: $? = 0
configure:11770: test -z 
			 || test ! -s conftest.err
configure:11773: $? = 0
configure:11776: test -s conftest
configure:11779: $? = 0
configure:11791: result: yes
configure:11795: checking for getpwuid_r with 5 args
configure:11827: gcc -c  -pipe  conftest.c >&5
configure:11833: $? = 0
configure:11837: test -z 
			 || test ! -s conftest.err
configure:11840: $? = 0
configure:11843: test -s conftest.o
configure:11846: $? = 0
configure:11857: result: yes
configure:11950: checking for getpwnam_r
configure:12007: gcc -o conftest  -pipe   -Wl,--export-dynamic  conftest.c -lz  -lpthread >&5
configure:12013: $? = 0
configure:12017: test -z 
			 || test ! -s conftest.err
configure:12020: $? = 0
configure:12023: test -s conftest
configure:12026: $? = 0
configure:12038: result: yes
configure:12042: checking for getpwnam_r with 5 args
configure:12074: gcc -c  -pipe  conftest.c >&5
configure:12080: $? = 0
configure:12084: test -z 
			 || test ! -s conftest.err
configure:12087: $? = 0
configure:12090: test -s conftest.o
configure:12093: $? = 0
configure:12104: result: yes
configure:12197: checking for getgrgid_r
configure:12254: gcc -o conftest  -pipe   -Wl,--export-dynamic  conftest.c -lz  -lpthread >&5
configure:12260: $? = 0
configure:12264: test -z 
			 || test ! -s conftest.err
configure:12267: $? = 0
configure:12270: test -s conftest
configure:12273: $? = 0
configure:12285: result: yes
configure:12289: checking for getgrgid_r with 5 args
configure:12321: gcc -c  -pipe  conftest.c >&5
configure:12327: $? = 0
configure:12331: test -z 
			 || test ! -s conftest.err
configure:12334: $? = 0
configure:12337: test -s conftest.o
configure:12340: $? = 0
configure:12351: result: yes
configure:12444: checking for getgrnam_r
configure:12501: gcc -o conftest  -pipe   -Wl,--export-dynamic  conftest.c -lz  -lpthread >&5
configure:12507: $? = 0
configure:12511: test -z 
			 || test ! -s conftest.err
configure:12514: $? = 0
configure:12517: test -s conftest
configure:12520: $? = 0
configure:12532: result: yes
configure:12536: checking for getgrnam_r with 5 args
configure:12568: gcc -c  -pipe  conftest.c >&5
configure:12574: $? = 0
configure:12578: test -z 
			 || test ! -s conftest.err
configure:12581: $? = 0
configure:12584: test -s conftest.o
configure:12587: $? = 0
configure:12598: result: yes
configure:12726: checking whether gethostbyname_r is declared
configure:12751: gcc -c  -pipe  conftest.c >&5
configure:12757: $? = 0
configure:12761: test -z 
			 || test ! -s conftest.err
configure:12764: $? = 0
configure:12767: test -s conftest.o
configure:12770: $? = 0
configure:12781: result: yes
configure:12803: checking for gethostbyname_r
configure:12860: gcc -o conftest  -pipe   -Wl,--export-dynamic  conftest.c -lz  -lpthread >&5
configure:12866: $? = 0
configure:12870: test -z 
			 || test ! -s conftest.err
configure:12873: $? = 0
configure:12876: test -s conftest
configure:12879: $? = 0
configure:12891: result: yes
configure:12895: checking for gethostbyname_r with 6 args
configure:12927: gcc -c  -pipe  conftest.c >&5
configure:12933: $? = 0
configure:12937: test -z 
			 || test ! -s conftest.err
configure:12940: $? = 0
configure:12943: test -s conftest.o
configure:12946: $? = 0
configure:12957: result: yes
configure:13125: checking whether gethostbyaddr_r is declared
configure:13150: gcc -c  -pipe  conftest.c >&5
configure:13156: $? = 0
configure:13160: test -z 
			 || test ! -s conftest.err
configure:13163: $? = 0
configure:13166: test -s conftest.o
configure:13169: $? = 0
configure:13180: result: yes
configure:13202: checking for gethostbyaddr_r
configure:13259: gcc -o conftest  -pipe   -Wl,--export-dynamic  conftest.c -lz  -lpthread >&5
configure:13265: $? = 0
configure:13269: test -z 
			 || test ! -s conftest.err
configure:13272: $? = 0
configure:13275: test -s conftest
configure:13278: $? = 0
configure:13290: result: yes
configure:13294: checking for gethostbyaddr_r with 7 args
configure:13329: gcc -c  -pipe  conftest.c >&5
conftest.c: In function 'main':
conftest.c:85:32: error: passing argument 7 of 'gethostbyaddr_r' from incompatible pointer type [-Wincompatible-pointer-types]
   85 |                                &h_errnop);
      |                                ^~~~~~~~~
      |                                |
      |                                int *
In file included from conftest.c:70:
/usr/include/netdb.h:137:85: note: expected 'struct hostent **' but argument is of type 'int *'
  137 | int gethostbyaddr_r(const void *, socklen_t, int, struct hostent *, char *, size_t, struct hostent **, int *);
      |                                                                                     ^~~~~~~~~~~~~~~~~
conftest.c:84:16: error: too few arguments to function 'gethostbyaddr_r'; expected 8, have 7
   84 |         (void) gethostbyaddr_r(addr, length, type, result, buffer, buflen,
      |                ^~~~~~~~~~~~~~~
/usr/include/netdb.h:137:5: note: declared here
  137 | int gethostbyaddr_r(const void *, socklen_t, int, struct hostent *, char *, size_t, struct hostent **, int *);
      |     ^~~~~~~~~~~~~~~
configure:13335: $? = 1
configure: failed program was:
| /* confdefs.h.  */
| 
| #define PACKAGE_NAME "tcl"
| #define PACKAGE_TARNAME "tcl"
| #define PACKAGE_VERSION "8.6"
| #define PACKAGE_STRING "tcl 8.6"
| #define PACKAGE_BUGREPORT ""
| #define STDC_HEADERS 1
| #define HAVE_SYS_TYPES_H 1
| #define HAVE_SYS_STAT_H 1
| #define HAVE_STDLIB_H 1
| #define HAVE_STRING_H 1
| #define HAVE_MEMORY_H 1
| #define HAVE_STRINGS_H 1
| #define HAVE_INTTYPES_H 1
| #define HAVE_STDINT_H 1
| #define HAVE_UNISTD_H 1
| #define HAVE_SYS_PARAM_H 1
| #define USE_THREAD_ALLOC 1
| #define _REENTRANT 1
| #define _THREAD_SAFE 1
| #define HAVE_PTHREAD_ATTR_SETSTACKSIZE 1
| #define HAVE_PTHREAD_ATFORK 1
| #define TCL_THREADS 1
| #define TCL_CFGVAL_ENCODING "iso8859-1"
| #define HAVE_ZLIB 1
| #define MODULE_SCOPE extern __attribute__((__visibility__("hidden")))
| #define HAVE_HIDDEN 1
| #define HAVE_CAST_TO_UNION 1
| #define HAVE_VFORK 1
| #define HAVE_POSIX_SPAWNP 1
| #define HAVE_POSIX_SPAWN_FILE_ACTIONS_ADDDUP2 1
| #define HAVE_POSIX_SPAWNATTR_SETFLAGS 1
| #define TCL_SHLIB_EXT ".so"
| #define NDEBUG 1
| #define TCL_CFG_OPTIMIZED 1
| #define MP_PREC 4
| #define _LARGEFILE64_SOURCE 1
| #define TCL_WIDE_INT_TYPE long long
| #define HAVE_STRUCT_DIRENT64 1
| #define HAVE_STRUCT_STAT64 1
| #define HAVE_GETCWD 1
| #define HAVE_MKSTEMP 1
| #define HAVE_OPENDIR 1
| #define HAVE_STRTOL 1
| #define HAVE_WAITPID 1
| #define NO_GETWD 1
| #define HAVE_GETNAMEINFO 1
| #define HAVE_GETADDRINFO 1
| #define HAVE_FREEADDRINFO 1
| #define HAVE_GAI_STRERROR 1
| #define HAVE_STRUCT_ADDRINFO 1
| #define HAVE_STRUCT_IN6_ADDR 1
| #define HAVE_STRUCT_SOCKADDR_IN6 1
| #define HAVE_STRUCT_SOCKADDR_STORAGE 1
| #define HAVE_GETPWUID_R_5 1
| #define HAVE_GETPWUID_R 1
| #define HAVE_GETPWNAM_R_5 1
| #define HAVE_GETPWNAM_R 1
| #define HAVE_GETGRGID_R_5 1
| #define HAVE_GETGRGID_R 1
| #define HAVE_GETGRNAM_R_5 1
| #define HAVE_GETGRNAM_R 1
| #define HAVE_DECL_GETHOSTBYNAME_R 1
| #define HAVE_GETHOSTBYNAME_R_6 1
| #define HAVE_GETHOSTBYNAME_R 1
| #define HAVE_DECL_GETHOSTBYADDR_R 1
| /* end confdefs.h.  */
| 
| 	#include <netdb.h>
| 
| int
| main ()
| {
| 
| 	char *addr;
| 	int length;
| 	int type;
| 	struct hostent *result;
| 	char buffer[2048];
| 	int buflen = 2048;
| 	int h_errnop;
| 
| 	(void) gethostbyaddr_r(addr, length, type, result, buffer, buflen,
| 			       &h_errnop);
| 
|   ;
|   return 0;
| }
configure:13359: result: no
configure:13369: checking for gethostbyaddr_r with 8 args
configure:13404: gcc -c  -pipe  conftest.c >&5
configure:13410: $? = 0
configure:13414: test -z 
			 || test ! -s conftest.err
configure:13417: $? = 0
configure:13420: test -s conftest.o
configure:13423: $? = 0
configure:13434: result: yes
configure:13483: checking termios.h usability
configure:13495: gcc -c  -pipe  conftest.c >&5
configure:13501: $? = 0
configure:13505: test -z 
			 || test ! -s conftest.err
configure:13508: $? = 0
configure:13511: test -s conftest.o
configure:13514: $? = 0
configure:13524: result: yes
configure:13528: checking termios.h presence
configure:13538: gcc -E  conftest.c
configure:13544: $? = 0
configure:13564: result: yes
configure:13599: checking for termios.h
configure:13606: result: yes
configure:13633: checking sys/ioctl.h usability
configure:13645: gcc -c  -pipe  conftest.c >&5
configure:13651: $? = 0
configure:13655: test -z 
			 || test ! -s conftest.err
configure:13658: $? = 0
configure:13661: test -s conftest.o
configure:13664: $? = 0
configure:13674: result: yes
configure:13678: checking sys/ioctl.h presence
configure:13688: gcc -E  conftest.c
configure:13694: $? = 0
configure:13714: result: yes
configure:13749: checking for sys/ioctl.h
configure:13756: result: yes
configure:13783: checking sys/modem.h usability
configure:13795: gcc -c  -pipe  conftest.c >&5
conftest.c:107:10: fatal error: sys/modem.h: No such file or directory
  107 | #include <sys/modem.h>
      |          ^~~~~~~~~~~~~
compilation terminated.
configure:13801: $? = 1
configure: failed program was:
| /* confdefs.h.  */
| 
| #define PACKAGE_NAME "tcl"
| #define PACKAGE_TARNAME "tcl"
| #define PACKAGE_VERSION "8.6"
| #define PACKAGE_STRING "tcl 8.6"
| #define PACKAGE_BUGREPORT ""
| #define STDC_HEADERS 1
| #define HAVE_SYS_TYPES_H 1
| #define HAVE_SYS_STAT_H 1
| #define HAVE_STDLIB_H 1
| #define HAVE_STRING_H 1
| #define HAVE_MEMORY_H 1
| #define HAVE_STRINGS_H 1
| #define HAVE_INTTYPES_H 1
| #define HAVE_STDINT_H 1
| #define HAVE_UNISTD_H 1
| #define HAVE_SYS_PARAM_H 1
| #define USE_THREAD_ALLOC 1
| #define _REENTRANT 1
| #define _THREAD_SAFE 1
| #define HAVE_PTHREAD_ATTR_SETSTACKSIZE 1
| #define HAVE_PTHREAD_ATFORK 1
| #define TCL_THREADS 1
| #define TCL_CFGVAL_ENCODING "iso8859-1"
| #define HAVE_ZLIB 1
| #define MODULE_SCOPE extern __attribute__((__visibility__("hidden")))
| #define HAVE_HIDDEN 1
| #define HAVE_CAST_TO_UNION 1
| #define HAVE_VFORK 1
| #define HAVE_POSIX_SPAWNP 1
| #define HAVE_POSIX_SPAWN_FILE_ACTIONS_ADDDUP2 1
| #define HAVE_POSIX_SPAWNATTR_SETFLAGS 1
| #define TCL_SHLIB_EXT ".so"
| #define NDEBUG 1
| #define TCL_CFG_OPTIMIZED 1
| #define MP_PREC 4
| #define _LARGEFILE64_SOURCE 1
| #define TCL_WIDE_INT_TYPE long long
| #define HAVE_STRUCT_DIRENT64 1
| #define HAVE_STRUCT_STAT64 1
| #define HAVE_GETCWD 1
| #define HAVE_MKSTEMP 1
| #define HAVE_OPENDIR 1
| #define HAVE_STRTOL 1
| #define HAVE_WAITPID 1
| #define NO_GETWD 1
| #define HAVE_GETNAMEINFO 1
| #define HAVE_GETADDRINFO 1
| #define HAVE_FREEADDRINFO 1
| #define HAVE_GAI_STRERROR 1
| #define HAVE_STRUCT_ADDRINFO 1
| #define HAVE_STRUCT_IN6_ADDR 1
| #define HAVE_STRUCT_SOCKADDR_IN6 1
| #define HAVE_STRUCT_SOCKADDR_STORAGE 1
| #define HAVE_GETPWUID_R_5 1
| #define HAVE_GETPWUID_R 1
| #define HAVE_GETPWNAM_R_5 1
| #define HAVE_GETPWNAM_R 1
| #define HAVE_GETGRGID_R_5 1
| #define HAVE_GETGRGID_R 1
| #define HAVE_GETGRNAM_R_5 1
| #define HAVE_GETGRNAM_R 1
| #define HAVE_DECL_GETHOSTBYNAME_R 1
| #define HAVE_GETHOSTBYNAME_R_6 1
| #define HAVE_GETHOSTBYNAME_R 1
| #define HAVE_DECL_GETHOSTBYADDR_R 1
| #define HAVE_GETHOSTBYADDR_R_8 1
| #define HAVE_GETHOSTBYADDR_R 1
| #define HAVE_TERMIOS_H 1
| #define HAVE_SYS_IOCTL_H 1
| /* end confdefs.h.  */
| #include <stdio.h>
| #if HAVE_SYS_TYPES_H
| # include <sys/types.h>
| #endif
| #if HAVE_SYS_STAT_H
| # include <sys/stat.h>
| #endif
| #if STDC_HEADERS
| # include <stdlib.h>
| # include <stddef.h>
| #else
| # if HAVE_STDLIB_H
| #  include <stdlib.h>
| # endif
| #endif
| #if HAVE_STRING_H
| # if !STDC_HEADERS && HAVE_MEMORY_H
| #  include <memory.h>
| # endif
| # include <string.h>
| #endif
| #if HAVE_STRINGS_H
| # include <strings.h>
| #endif
| #if HAVE_INTTYPES_H
| # include <inttypes.h>
| #else
| # if HAVE_STDINT_H
| #  include <stdint.h>
| # endif
| #endif
| #if HAVE_UNISTD_H
| # include <unistd.h>
| #endif
| #include <sys/modem.h>
configure:13824: result: no
configure:13828: checking sys/modem.h presence
configure:13838: gcc -E  conftest.c
conftest.c:73:10: fatal error: sys/modem.h: No such file or directory
   73 | #include <sys/modem.h>
      |          ^~~~~~~~~~~~~
compilation terminated.
configure:13844: $? = 1
configure: failed program was:
| /* confdefs.h.  */
| 
| #define PACKAGE_NAME "tcl"
| #define PACKAGE_TARNAME "tcl"
| #define PACKAGE_VERSION "8.6"
| #define PACKAGE_STRING "tcl 8.6"
| #define PACKAGE_BUGREPORT ""
| #define STDC_HEADERS 1
| #define HAVE_SYS_TYPES_H 1
| #define HAVE_SYS_STAT_H 1
| #define HAVE_STDLIB_H 1
| #define HAVE_STRING_H 1
| #define HAVE_MEMORY_H 1
| #define HAVE_STRINGS_H 1
| #define HAVE_INTTYPES_H 1
| #define HAVE_STDINT_H 1
| #define HAVE_UNISTD_H 1
| #define HAVE_SYS_PARAM_H 1
| #define USE_THREAD_ALLOC 1
| #define _REENTRANT 1
| #define _THREAD_SAFE 1
| #define HAVE_PTHREAD_ATTR_SETSTACKSIZE 1
| #define HAVE_PTHREAD_ATFORK 1
| #define TCL_THREADS 1
| #define TCL_CFGVAL_ENCODING "iso8859-1"
| #define HAVE_ZLIB 1
| #define MODULE_SCOPE extern __attribute__((__visibility__("hidden")))
| #define HAVE_HIDDEN 1
| #define HAVE_CAST_TO_UNION 1
| #define HAVE_VFORK 1
| #define HAVE_POSIX_SPAWNP 1
| #define HAVE_POSIX_SPAWN_FILE_ACTIONS_ADDDUP2 1
| #define HAVE_POSIX_SPAWNATTR_SETFLAGS 1
| #define TCL_SHLIB_EXT ".so"
| #define NDEBUG 1
| #define TCL_CFG_OPTIMIZED 1
| #define MP_PREC 4
| #define _LARGEFILE64_SOURCE 1
| #define TCL_WIDE_INT_TYPE long long
| #define HAVE_STRUCT_DIRENT64 1
| #define HAVE_STRUCT_STAT64 1
| #define HAVE_GETCWD 1
| #define HAVE_MKSTEMP 1
| #define HAVE_OPENDIR 1
| #define HAVE_STRTOL 1
| #define HAVE_WAITPID 1
| #define NO_GETWD 1
| #define HAVE_GETNAMEINFO 1
| #define HAVE_GETADDRINFO 1
| #define HAVE_FREEADDRINFO 1
| #define HAVE_GAI_STRERROR 1
| #define HAVE_STRUCT_ADDRINFO 1
| #define HAVE_STRUCT_IN6_ADDR 1
| #define HAVE_STRUCT_SOCKADDR_IN6 1
| #define HAVE_STRUCT_SOCKADDR_STORAGE 1
| #define HAVE_GETPWUID_R_5 1
| #define HAVE_GETPWUID_R 1
| #define HAVE_GETPWNAM_R_5 1
| #define HAVE_GETPWNAM_R 1
| #define HAVE_GETGRGID_R_5 1
| #define HAVE_GETGRGID_R 1
| #define HAVE_GETGRNAM_R_5 1
| #define HAVE_GETGRNAM_R 1
| #define HAVE_DECL_GETHOSTBYNAME_R 1
| #define HAVE_GETHOSTBYNAME_R_6 1
| #define HAVE_GETHOSTBYNAME_R 1
| #define HAVE_DECL_GETHOSTBYADDR_R 1
| #define HAVE_GETHOSTBYADDR_R_8 1
| #define HAVE_GETHOSTBYADDR_R 1
| #define HAVE_TERMIOS_H 1
| #define HAVE_SYS_IOCTL_H 1
| /* end confdefs.h.  */
| #include <sys/modem.h>
configure:13864: result: no
configure:13899: checking for sys/modem.h
configure:13906: result: no
configure:13930: checking for fd_set in sys/types
configure:13952: gcc -c  -pipe  conftest.c >&5
configure:13958: $? = 0
configure:13962: test -z 
			 || test ! -s conftest.err
configure:13965: $? = 0
configure:13968: test -s conftest.o
configure:13971: $? = 0
configure:13982: result: yes
configure:14048: checking sys/time.h usability
configure:14060: gcc -c  -pipe  conftest.c >&5
configure:14066: $? = 0
configure:14070: test -z 
			 || test ! -s conftest.err
configure:14073: $? = 0
configure:14076: test -s conftest.o
configure:14079: $? = 0
configure:14089: result: yes
configure:14093: checking sys/time.h presence
configure:14103: gcc -E  conftest.c
configure:14109: $? = 0
configure:14129: result: yes
configure:14164: checking for sys/time.h
configure:14171: result: yes
configure:14184: checking whether time.h and sys/time.h may both be included
configure:14209: gcc -c  -pipe  conftest.c >&5
configure:14215: $? = 0
configure:14219: test -z 
			 || test ! -s conftest.err
configure:14222: $? = 0
configure:14225: test -s conftest.o
configure:14228: $? = 0
configure:14239: result: yes
configure:14256: checking for gmtime_r
configure:14313: gcc -o conftest  -pipe   -Wl,--export-dynamic  conftest.c -lz  -lpthread >&5
configure:14319: $? = 0
configure:14323: test -z 
			 || test ! -s conftest.err
configure:14326: $? = 0
configure:14329: test -s conftest
configure:14332: $? = 0
configure:14344: result: yes
configure:14256: checking for localtime_r
configure:14313: gcc -o conftest  -pipe   -Wl,--export-dynamic  conftest.c -lz  -lpthread >&5
configure:14319: $? = 0
configure:14323: test -z 
			 || test ! -s conftest.err
configure:14326: $? = 0
configure:14329: test -s conftest
configure:14332: $? = 0
configure:14344: result: yes
configure:14256: checking for mktime
configure:14313: gcc -o conftest  -pipe   -Wl,--export-dynamic  conftest.c -lz  -lpthread >&5
configure:14319: $? = 0
configure:14323: test -z 
			 || test ! -s conftest.err
configure:14326: $? = 0
configure:14329: test -s conftest
configure:14332: $? = 0
configure:14344: result: yes
configure:14355: checking tm_tzadj in struct tm
configure:14377: gcc -c  -pipe  conftest.c >&5
conftest.c: In function 'main':
conftest.c:82:23: error: 'struct tm' has no member named 'tm_tzadj'
   82 | struct tm tm; (void)tm.tm_tzadj;
      |                       ^
configure:14383: $? = 1
configure: failed program was:
| /* confdefs.h.  */
| 
| #define PACKAGE_NAME "tcl"
| #define PACKAGE_TARNAME "tcl"
| #define PACKAGE_VERSION "8.6"
| #define PACKAGE_STRING "tcl 8.6"
| #define PACKAGE_BUGREPORT ""
| #define STDC_HEADERS 1
| #define HAVE_SYS_TYPES_H 1
| #define HAVE_SYS_STAT_H 1
| #define HAVE_STDLIB_H 1
| #define HAVE_STRING_H 1
| #define HAVE_MEMORY_H 1
| #define HAVE_STRINGS_H 1
| #define HAVE_INTTYPES_H 1
| #define HAVE_STDINT_H 1
| #define HAVE_UNISTD_H 1
| #define HAVE_SYS_PARAM_H 1
| #define USE_THREAD_ALLOC 1
| #define _REENTRANT 1
| #define _THREAD_SAFE 1
| #define HAVE_PTHREAD_ATTR_SETSTACKSIZE 1
| #define HAVE_PTHREAD_ATFORK 1
| #define TCL_THREADS 1
| #define TCL_CFGVAL_ENCODING "iso8859-1"
| #define HAVE_ZLIB 1
| #define MODULE_SCOPE extern __attribute__((__visibility__("hidden")))
| #define HAVE_HIDDEN 1
| #define HAVE_CAST_TO_UNION 1
| #define HAVE_VFORK 1
| #define HAVE_POSIX_SPAWNP 1
| #define HAVE_POSIX_SPAWN_FILE_ACTIONS_ADDDUP2 1
| #define HAVE_POSIX_SPAWNATTR_SETFLAGS 1
| #define TCL_SHLIB_EXT ".so"
| #define NDEBUG 1
| #define TCL_CFG_OPTIMIZED 1
| #define MP_PREC 4
| #define _LARGEFILE64_SOURCE 1
| #define TCL_WIDE_INT_TYPE long long
| #define HAVE_STRUCT_DIRENT64 1
| #define HAVE_STRUCT_STAT64 1
| #define HAVE_GETCWD 1
| #define HAVE_MKSTEMP 1
| #define HAVE_OPENDIR 1
| #define HAVE_STRTOL 1
| #define HAVE_WAITPID 1
| #define NO_GETWD 1
| #define HAVE_GETNAMEINFO 1
| #define HAVE_GETADDRINFO 1
| #define HAVE_FREEADDRINFO 1
| #define HAVE_GAI_STRERROR 1
| #define HAVE_STRUCT_ADDRINFO 1
| #define HAVE_STRUCT_IN6_ADDR 1
| #define HAVE_STRUCT_SOCKADDR_IN6 1
| #define HAVE_STRUCT_SOCKADDR_STORAGE 1
| #define HAVE_GETPWUID_R_5 1
| #define HAVE_GETPWUID_R 1
| #define HAVE_GETPWNAM_R_5 1
| #define HAVE_GETPWNAM_R 1
| #define HAVE_GETGRGID_R_5 1
| #define HAVE_GETGRGID_R 1
| #define HAVE_GETGRNAM_R_5 1
| #define HAVE_GETGRNAM_R 1
| #define HAVE_DECL_GETHOSTBYNAME_R 1
| #define HAVE_GETHOSTBYNAME_R_6 1
| #define HAVE_GETHOSTBYNAME_R 1
| #define HAVE_DECL_GETHOSTBYADDR_R 1
| #define HAVE_GETHOSTBYADDR_R_8 1
| #define HAVE_GETHOSTBYADDR_R 1
| #define HAVE_TERMIOS_H 1
| #define HAVE_SYS_IOCTL_H 1
| #define HAVE_SYS_TIME_H 1
| #define TIME_WITH_SYS_TIME 1
| #define HAVE_GMTIME_R 1
| #define HAVE_LOCALTIME_R 1
| #define HAVE_MKTIME 1
| /* end confdefs.h.  */
| #include <time.h>
| int
| main ()
| {
| struct tm tm; (void)tm.tm_tzadj;
|   ;
|   return 0;
| }
configure:14407: result: no
configure:14417: checking tm_gmtoff in struct tm
configure:14439: gcc -c  -pipe  conftest.c >&5
configure:14445: $? = 0
configure:14449: test -z 
			 || test ! -s conftest.err
configure:14452: $? = 0
configure:14455: test -s conftest.o
configure:14458: $? = 0
configure:14469: result: yes
configure:14483: checking long timezone variable
configure:14508: gcc -c  -pipe  conftest.c >&5
configure:14514: $? = 0
configure:14518: test -z 
			 || test ! -s conftest.err
configure:14521: $? = 0
configure:14524: test -s conftest.o
configure:14527: $? = 0
configure:14538: result: yes
configure:14624: checking for struct stat.st_blocks
configure:14647: gcc -c  -pipe  conftest.c >&5
configure:14653: $? = 0
configure:14657: test -z 
			 || test ! -s conftest.err
configure:14660: $? = 0
configure:14663: test -s conftest.o
configure:14666: $? = 0
configure:14723: result: yes
configure:14733: checking for struct stat.st_blksize
configure:14756: gcc -c  -pipe  conftest.c >&5
configure:14762: $? = 0
configure:14766: test -z 
			 || test ! -s conftest.err
configure:14769: $? = 0
configure:14772: test -s conftest.o
configure:14775: $? = 0
configure:14832: result: yes
configure:14844: checking for blkcnt_t
configure:14868: gcc -c  -pipe  conftest.c >&5
configure:14874: $? = 0
configure:14878: test -z 
			 || test ! -s conftest.err
configure:14881: $? = 0
configure:14884: test -s conftest.o
configure:14887: $? = 0
configure:14898: result: yes
configure:14909: checking for fstatfs
configure:14966: gcc -o conftest  -pipe   -Wl,--export-dynamic  conftest.c -lz  -lpthread >&5
configure:14972: $? = 0
configure:14976: test -z 
			 || test ! -s conftest.err
configure:14979: $? = 0
configure:14982: test -s conftest
configure:14985: $? = 0
configure:14997: result: yes
configure:15015: checking for working memcmp
configure:15063: gcc -o conftest  -pipe   -Wl,--export-dynamic  conftest.c -lz  -lpthread >&5
configure:15066: $? = 0
configure:15068: ./conftest
configure:15071: $? = 0
configure:15085: result: yes
configure:15103: checking for memmove
configure:15160: gcc -o conftest  -pipe   -Wl,--export-dynamic  conftest.c -lz  -lpthread >&5
conftest.c:107:6: warning: conflicting types for built-in function 'memmove'; expected 'void *(void *, const void *, unsigned int)' [-Wbuiltin-declaration-mismatch]
  107 | char memmove ();
      |      ^~~~~~~
conftest.c:94:1: note: 'memmove' is declared in header '<string.h>'
   93 | # include <limits.h>
   94 | #else
configure:15166: $? = 0
configure:15170: test -z 
			 || test ! -s conftest.err
configure:15173: $? = 0
configure:15176: test -s conftest
configure:15179: $? = 0
configure:15191: result: yes
configure:15216: checking for strstr
configure:15273: gcc -o conftest  -pipe   -Wl,--export-dynamic  conftest.c -lz  -lpthread >&5
conftest.c:107:6: warning: conflicting types for built-in function 'strstr'; expected 'char *(const char *, const char *)' [-Wbuiltin-declaration-mismatch]
  107 | char strstr ();
      |      ^~~~~~
conftest.c:94:1: note: 'strstr' is declared in header '<string.h>'
   93 | # include <limits.h>
   94 | #else
configure:15279: $? = 0
configure:15283: test -z 
			 || test ! -s conftest.err
configure:15286: $? = 0
configure:15289: test -s conftest
configure:15292: $? = 0
configure:15304: result: yes
configure:15313: checking proper strstr implementation
configure:15335: gcc -o conftest  -pipe   -Wl,--export-dynamic  conftest.c -lz  -lpthread >&5
configure:15338: $? = 0
configure:15340: ./conftest
configure:15343: $? = 0
configure:15357: result: ok
configure:15385: checking for strtoul
configure:15442: gcc -o conftest  -pipe   -Wl,--export-dynamic  conftest.c -lz  -lpthread >&5
configure:15448: $? = 0
configure:15452: test -z 
			 || test ! -s conftest.err
configure:15455: $? = 0
configure:15458: test -s conftest
configure:15461: $? = 0
configure:15473: result: yes
configure:15482: checking proper strtoul implementation
configure:15505: gcc -o conftest  -pipe   -Wl,--export-dynamic  conftest.c -lz  -lpthread >&5
configure:15508: $? = 0
configure:15510: ./conftest
configure:15513: $? = 0
configure:15527: result: ok
configure:15553: checking for mode_t
configure:15577: gcc -c  -pipe  conftest.c >&5
configure:15583: $? = 0
configure:15587: test -z 
			 || test ! -s conftest.err
configure:15590: $? = 0
configure:15593: test -s conftest.o
configure:15596: $? = 0
configure:15607: result: yes
configure:15619: checking for pid_t
configure:15643: gcc -c  -pipe  conftest.c >&5
configure:15649: $? = 0
configure:15653: test -z 
			 || test ! -s conftest.err
configure:15656: $? = 0
configure:15659: test -s conftest.o
configure:15662: $? = 0
configure:15673: result: yes
configure:15685: checking for size_t
configure:15709: gcc -c  -pipe  conftest.c >&5
configure:15715: $? = 0
configure:15719: test -z 
			 || test ! -s conftest.err
configure:15722: $? = 0
configure:15725: test -s conftest.o
configure:15728: $? = 0
configure:15739: result: yes
configure:15751: checking for uid_t in sys/types.h
configure:15774: result: yes
configure:15790: checking for socklen_t
configure:15817: gcc -c  -pipe  conftest.c >&5
configure:15823: $? = 0
configure:15827: test -z 
			 || test ! -s conftest.err
configure:15830: $? = 0
configure:15833: test -s conftest.o
configure:15836: $? = 0
configure:15847: result: yes
configure:15857: checking for intptr_t
configure:15881: gcc -c  -pipe  conftest.c >&5
configure:15887: $? = 0
configure:15891: test -z 
			 || test ! -s conftest.err
configure:15894: $? = 0
configure:15897: test -s conftest.o
configure:15900: $? = 0
configure:15911: result: yes
configure:15992: checking for uintptr_t
configure:16016: gcc -c  -pipe  conftest.c >&5
configure:16022: $? = 0
configure:16026: test -z 
			 || test ! -s conftest.err
configure:16029: $? = 0
configure:16032: test -s conftest.o
configure:16035: $? = 0
configure:16046: result: yes
configure:16136: checking for opendir
configure:16224: result: yes
configure:16245: checking union wait
configure:16272: gcc -o conftest  -pipe   -Wl,--export-dynamic  conftest.c -lz  -lpthread >&5
conftest.c: In function 'main':
conftest.c:91:12: error: storage size of 'x' isn't known
   91 | union wait x;
      |            ^
configure:16278: $? = 1
configure: failed program was:
| /* confdefs.h.  */
| 
| #define PACKAGE_NAME "tcl"
| #define PACKAGE_TARNAME "tcl"
| #define PACKAGE_VERSION "8.6"
| #define PACKAGE_STRING "tcl 8.6"
| #define PACKAGE_BUGREPORT ""
| #define STDC_HEADERS 1
| #define HAVE_SYS_TYPES_H 1
| #define HAVE_SYS_STAT_H 1
| #define HAVE_STDLIB_H 1
| #define HAVE_STRING_H 1
| #define HAVE_MEMORY_H 1
| #define HAVE_STRINGS_H 1
| #define HAVE_INTTYPES_H 1
| #define HAVE_STDINT_H 1
| #define HAVE_UNISTD_H 1
| #define HAVE_SYS_PARAM_H 1
| #define USE_THREAD_ALLOC 1
| #define _REENTRANT 1
| #define _THREAD_SAFE 1
| #define HAVE_PTHREAD_ATTR_SETSTACKSIZE 1
| #define HAVE_PTHREAD_ATFORK 1
| #define TCL_THREADS 1
| #define TCL_CFGVAL_ENCODING "iso8859-1"
| #define HAVE_ZLIB 1
| #define MODULE_SCOPE extern __attribute__((__visibility__("hidden")))
| #define HAVE_HIDDEN 1
| #define HAVE_CAST_TO_UNION 1
| #define HAVE_VFORK 1
| #define HAVE_POSIX_SPAWNP 1
| #define HAVE_POSIX_SPAWN_FILE_ACTIONS_ADDDUP2 1
| #define HAVE_POSIX_SPAWNATTR_SETFLAGS 1
| #define TCL_SHLIB_EXT ".so"
| #define NDEBUG 1
| #define TCL_CFG_OPTIMIZED 1
| #define MP_PREC 4
| #define _LARGEFILE64_SOURCE 1
| #define TCL_WIDE_INT_TYPE long long
| #define HAVE_STRUCT_DIRENT64 1
| #define HAVE_STRUCT_STAT64 1
| #define HAVE_GETCWD 1
| #define HAVE_MKSTEMP 1
| #define HAVE_OPENDIR 1
| #define HAVE_STRTOL 1
| #define HAVE_WAITPID 1
| #define NO_GETWD 1
| #define HAVE_GETNAMEINFO 1
| #define HAVE_GETADDRINFO 1
| #define HAVE_FREEADDRINFO 1
| #define HAVE_GAI_STRERROR 1
| #define HAVE_STRUCT_ADDRINFO 1
| #define HAVE_STRUCT_IN6_ADDR 1
| #define HAVE_STRUCT_SOCKADDR_IN6 1
| #define HAVE_STRUCT_SOCKADDR_STORAGE 1
| #define HAVE_GETPWUID_R_5 1
| #define HAVE_GETPWUID_R 1
| #define HAVE_GETPWNAM_R_5 1
| #define HAVE_GETPWNAM_R 1
| #define HAVE_GETGRGID_R_5 1
| #define HAVE_GETGRGID_R 1
| #define HAVE_GETGRNAM_R_5 1
| #define HAVE_GETGRNAM_R 1
| #define HAVE_DECL_GETHOSTBYNAME_R 1
| #define HAVE_GETHOSTBYNAME_R_6 1
| #define HAVE_GETHOSTBYNAME_R 1
| #define HAVE_DECL_GETHOSTBYADDR_R 1
| #define HAVE_GETHOSTBYADDR_R_8 1
| #define HAVE_GETHOSTBYADDR_R 1
| #define HAVE_TERMIOS_H 1
| #define HAVE_SYS_IOCTL_H 1
| #define HAVE_SYS_TIME_H 1
| #define TIME_WITH_SYS_TIME 1
| #define HAVE_GMTIME_R 1
| #define HAVE_LOCALTIME_R 1
| #define HAVE_MKTIME 1
| #define HAVE_TM_GMTOFF 1
| #define HAVE_TIMEZONE_VAR 1
| #define HAVE_STRUCT_STAT_ST_BLOCKS 1
| #define HAVE_STRUCT_STAT_ST_BLKSIZE 1
| #define HAVE_BLKCNT_T 1
| #define HAVE_INTPTR_T 1
| #define HAVE_UINTPTR_T 1
| /* end confdefs.h.  */
| #include <sys/types.h>
| #include <sys/wait.h>
| int
| main ()
| {
| 
| union wait x;
| WIFEXITED(x);		/* Generates compiler error if WIFEXITED
| 			 * uses an int. */
| 
|   ;
|   return 0;
| }
configure:16303: result: no
configure:16319: checking for strncasecmp
configure:16376: gcc -o conftest  -pipe   -Wl,--export-dynamic  conftest.c -lz  -lpthread >&5
conftest.c:110:6: warning: conflicting types for built-in function 'strncasecmp'; expected 'int(const char *, const char *, unsigned int)' [-Wbuiltin-declaration-mismatch]
  110 | char strncasecmp ();
      |      ^~~~~~~~~~~
configure:16382: $? = 0
configure:16386: test -z 
			 || test ! -s conftest.err
configure:16389: $? = 0
configure:16392: test -s conftest
configure:16395: $? = 0
configure:16407: result: yes
configure:16580: checking for gettimeofday
configure:16637: gcc -o conftest  -pipe   -Wl,--export-dynamic  conftest.c -lz  -lpthread >&5
configure:16643: $? = 0
configure:16647: test -z 
			 || test ! -s conftest.err
configure:16650: $? = 0
configure:16653: test -s conftest
configure:16656: $? = 0
configure:16668: result: yes
configure:16682: checking for gettimeofday declaration
configure:16706: result: present
configure:16723: checking whether char is unsigned
configure:16746: gcc -c  -pipe  conftest.c >&5
configure:16752: $? = 0
configure:16756: test -z 
			 || test ! -s conftest.err
configure:16759: $? = 0
configure:16762: test -s conftest.o
configure:16765: $? = 0
configure:16776: result: no
configure:16785: checking signed char declarations
configure:16810: gcc -c  -pipe  conftest.c >&5
configure:16816: $? = 0
configure:16820: test -z 
			 || test ! -s conftest.err
configure:16823: $? = 0
configure:16826: test -s conftest.o
configure:16829: $? = 0
configure:16840: result: yes
configure:16854: checking for a putenv() that copies the buffer
configure:16891: gcc -o conftest  -pipe   -Wl,--export-dynamic  conftest.c -lz  -lpthread >&5
configure:16894: $? = 0
configure:16896: ./conftest
configure:16899: $? = 0
configure:16913: result: no
configure:16948: checking langinfo.h usability
configure:16960: gcc -c  -pipe  conftest.c >&5
configure:16966: $? = 0
configure:16970: test -z 
			 || test ! -s conftest.err
configure:16973: $? = 0
configure:16976: test -s conftest.o
configure:16979: $? = 0
configure:16989: result: yes
configure:16993: checking langinfo.h presence
configure:17003: gcc -E  conftest.c
configure:17009: $? = 0
configure:17029: result: yes
configure:17064: checking for langinfo.h
configure:17071: result: yes
configure:17083: checking whether to use nl_langinfo
configure:17106: gcc -c  -pipe  conftest.c >&5
configure:17112: $? = 0
configure:17116: test -z 
			 || test ! -s conftest.err
configure:17119: $? = 0
configure:17122: test -s conftest.o
configure:17125: $? = 0
configure:17137: result: yes
configure:17161: checking for chflags
configure:17218: gcc -o conftest  -pipe   -Wl,--export-dynamic  conftest.c -lz  -lpthread >&5
/usr/lib/gcc/i586-alpine-linux-musl/15.2.0/../../../../i586-alpine-linux-musl/bin/ld: /tmp/cccFHIfI.o: in function `main':
conftest.c:(.text+0x15): undefined reference to `chflags'
/usr/lib/gcc/i586-alpine-linux-musl/15.2.0/../../../../i586-alpine-linux-musl/bin/ld: /tmp/cccFHIfI.o:(.data.rel+0x0): undefined reference to `chflags'
collect2: error: ld returned 1 exit status
configure:17224: $? = 1
configure: failed program was:
| /* confdefs.h.  */
| 
| #define PACKAGE_NAME "tcl"
| #define PACKAGE_TARNAME "tcl"
| #define PACKAGE_VERSION "8.6"
| #define PACKAGE_STRING "tcl 8.6"
| #define PACKAGE_BUGREPORT ""
| #define STDC_HEADERS 1
| #define HAVE_SYS_TYPES_H 1
| #define HAVE_SYS_STAT_H 1
| #define HAVE_STDLIB_H 1
| #define HAVE_STRING_H 1
| #define HAVE_MEMORY_H 1
| #define HAVE_STRINGS_H 1
| #define HAVE_INTTYPES_H 1
| #define HAVE_STDINT_H 1
| #define HAVE_UNISTD_H 1
| #define HAVE_SYS_PARAM_H 1
| #define USE_THREAD_ALLOC 1
| #define _REENTRANT 1
| #define _THREAD_SAFE 1
| #define HAVE_PTHREAD_ATTR_SETSTACKSIZE 1
| #define HAVE_PTHREAD_ATFORK 1
| #define TCL_THREADS 1
| #define TCL_CFGVAL_ENCODING "iso8859-1"
| #define HAVE_ZLIB 1
| #define MODULE_SCOPE extern __attribute__((__visibility__("hidden")))
| #define HAVE_HIDDEN 1
| #define HAVE_CAST_TO_UNION 1
| #define HAVE_VFORK 1
| #define HAVE_POSIX_SPAWNP 1
| #define HAVE_POSIX_SPAWN_FILE_ACTIONS_ADDDUP2 1
| #define HAVE_POSIX_SPAWNATTR_SETFLAGS 1
| #define TCL_SHLIB_EXT ".so"
| #define NDEBUG 1
| #define TCL_CFG_OPTIMIZED 1
| #define MP_PREC 4
| #define _LARGEFILE64_SOURCE 1
| #define TCL_WIDE_INT_TYPE long long
| #define HAVE_STRUCT_DIRENT64 1
| #define HAVE_STRUCT_STAT64 1
| #define HAVE_GETCWD 1
| #define HAVE_MKSTEMP 1
| #define HAVE_OPENDIR 1
| #define HAVE_STRTOL 1
| #define HAVE_WAITPID 1
| #define NO_GETWD 1
| #define HAVE_GETNAMEINFO 1
| #define HAVE_GETADDRINFO 1
| #define HAVE_FREEADDRINFO 1
| #define HAVE_GAI_STRERROR 1
| #define HAVE_STRUCT_ADDRINFO 1
| #define HAVE_STRUCT_IN6_ADDR 1
| #define HAVE_STRUCT_SOCKADDR_IN6 1
| #define HAVE_STRUCT_SOCKADDR_STORAGE 1
| #define HAVE_GETPWUID_R_5 1
| #define HAVE_GETPWUID_R 1
| #define HAVE_GETPWNAM_R_5 1
| #define HAVE_GETPWNAM_R 1
| #define HAVE_GETGRGID_R_5 1
| #define HAVE_GETGRGID_R 1
| #define HAVE_GETGRNAM_R_5 1
| #define HAVE_GETGRNAM_R 1
| #define HAVE_DECL_GETHOSTBYNAME_R 1
| #define HAVE_GETHOSTBYNAME_R_6 1
| #define HAVE_GETHOSTBYNAME_R 1
| #define HAVE_DECL_GETHOSTBYADDR_R 1
| #define HAVE_GETHOSTBYADDR_R_8 1
| #define HAVE_GETHOSTBYADDR_R 1
| #define HAVE_TERMIOS_H 1
| #define HAVE_SYS_IOCTL_H 1
| #define HAVE_SYS_TIME_H 1
| #define TIME_WITH_SYS_TIME 1
| #define HAVE_GMTIME_R 1
| #define HAVE_LOCALTIME_R 1
| #define HAVE_MKTIME 1
| #define HAVE_TM_GMTOFF 1
| #define HAVE_TIMEZONE_VAR 1
| #define HAVE_STRUCT_STAT_ST_BLOCKS 1
| #define HAVE_STRUCT_STAT_ST_BLKSIZE 1
| #define HAVE_BLKCNT_T 1
| #define HAVE_INTPTR_T 1
| #define HAVE_UINTPTR_T 1
| #define NO_UNION_WAIT 1
| #define HAVE_SIGNED_CHAR 1
| #define HAVE_LANGINFO 1
| /* end confdefs.h.  */
| /* Define chflags to an innocuous variant, in case <limits.h> declares chflags.
|    For example, HP-UX 11i <limits.h> declares gettimeofday.  */
| #define chflags innocuous_chflags
| 
| /* System header to define __stub macros and hopefully few prototypes,
|     which can conflict with char chflags (); below.
|     Prefer <limits.h> to <assert.h> if __STDC__ is defined, since
|     <limits.h> exists even on freestanding compilers.  */
| 
| #ifdef __STDC__
| # include <limits.h>
| #else
| # include <assert.h>
| #endif
| 
| #undef chflags
| 
| /* Override any gcc2 internal prototype to avoid an error.  */
| #ifdef __cplusplus
| extern "C"
| {
| #endif
| /* We use char because int might match the return type of a gcc2
|    builtin and then its argument prototype would still apply.  */
| char chflags ();
| /* The GNU C library defines this for functions which it implements
|     to always fail with ENOSYS.  Some functions are actually named
|     something starting with __ and the normal name is an alias.  */
| #if defined (__stub_chflags) || defined (__stub___chflags)
| choke me
| #else
| char (*f) () = chflags;
| #endif
| #ifdef __cplusplus
| }
| #endif
| 
| int
| main ()
| {
| return f != chflags;
|   ;
|   return 0;
| }
configure:17249: result: no
configure:17161: checking for mkstemps
configure:17218: gcc -o conftest  -pipe   -Wl,--export-dynamic  conftest.c -lz  -lpthread >&5
configure:17224: $? = 0
configure:17228: test -z 
			 || test ! -s conftest.err
configure:17231: $? = 0
configure:17234: test -s conftest
configure:17237: $? = 0
configure:17249: result: yes
configure:17264: checking isnan
configure:17288: gcc -o conftest  -pipe   -Wl,--export-dynamic  conftest.c -lz  -lpthread >&5
configure:17294: $? = 0
configure:17298: test -z 
			 || test ! -s conftest.err
configure:17301: $? = 0
configure:17304: test -s conftest
configure:17307: $? = 0
configure:17319: result: yes
configure:18267: checking for fts
configure:18297: gcc -o conftest  -pipe   -Wl,--export-dynamic  conftest.c -lz  -lpthread >&5
conftest.c:92:22: fatal error: fts.h: No such file or directory
   92 |             #include <fts.h>
      |                      ^~~~~~~
compilation terminated.
configure:18303: $? = 1
configure: failed program was:
| /* confdefs.h.  */
| 
| #define PACKAGE_NAME "tcl"
| #define PACKAGE_TARNAME "tcl"
| #define PACKAGE_VERSION "8.6"
| #define PACKAGE_STRING "tcl 8.6"
| #define PACKAGE_BUGREPORT ""
| #define STDC_HEADERS 1
| #define HAVE_SYS_TYPES_H 1
| #define HAVE_SYS_STAT_H 1
| #define HAVE_STDLIB_H 1
| #define HAVE_STRING_H 1
| #define HAVE_MEMORY_H 1
| #define HAVE_STRINGS_H 1
| #define HAVE_INTTYPES_H 1
| #define HAVE_STDINT_H 1
| #define HAVE_UNISTD_H 1
| #define HAVE_SYS_PARAM_H 1
| #define USE_THREAD_ALLOC 1
| #define _REENTRANT 1
| #define _THREAD_SAFE 1
| #define HAVE_PTHREAD_ATTR_SETSTACKSIZE 1
| #define HAVE_PTHREAD_ATFORK 1
| #define TCL_THREADS 1
| #define TCL_CFGVAL_ENCODING "iso8859-1"
| #define HAVE_ZLIB 1
| #define MODULE_SCOPE extern __attribute__((__visibility__("hidden")))
| #define HAVE_HIDDEN 1
| #define HAVE_CAST_TO_UNION 1
| #define HAVE_VFORK 1
| #define HAVE_POSIX_SPAWNP 1
| #define HAVE_POSIX_SPAWN_FILE_ACTIONS_ADDDUP2 1
| #define HAVE_POSIX_SPAWNATTR_SETFLAGS 1
| #define TCL_SHLIB_EXT ".so"
| #define NDEBUG 1
| #define TCL_CFG_OPTIMIZED 1
| #define MP_PREC 4
| #define _LARGEFILE64_SOURCE 1
| #define TCL_WIDE_INT_TYPE long long
| #define HAVE_STRUCT_DIRENT64 1
| #define HAVE_STRUCT_STAT64 1
| #define HAVE_GETCWD 1
| #define HAVE_MKSTEMP 1
| #define HAVE_OPENDIR 1
| #define HAVE_STRTOL 1
| #define HAVE_WAITPID 1
| #define NO_GETWD 1
| #define HAVE_GETNAMEINFO 1
| #define HAVE_GETADDRINFO 1
| #define HAVE_FREEADDRINFO 1
| #define HAVE_GAI_STRERROR 1
| #define HAVE_STRUCT_ADDRINFO 1
| #define HAVE_STRUCT_IN6_ADDR 1
| #define HAVE_STRUCT_SOCKADDR_IN6 1
| #define HAVE_STRUCT_SOCKADDR_STORAGE 1
| #define HAVE_GETPWUID_R_5 1
| #define HAVE_GETPWUID_R 1
| #define HAVE_GETPWNAM_R_5 1
| #define HAVE_GETPWNAM_R 1
| #define HAVE_GETGRGID_R_5 1
| #define HAVE_GETGRGID_R 1
| #define HAVE_GETGRNAM_R_5 1
| #define HAVE_GETGRNAM_R 1
| #define HAVE_DECL_GETHOSTBYNAME_R 1
| #define HAVE_GETHOSTBYNAME_R_6 1
| #define HAVE_GETHOSTBYNAME_R 1
| #define HAVE_DECL_GETHOSTBYADDR_R 1
| #define HAVE_GETHOSTBYADDR_R_8 1
| #define HAVE_GETHOSTBYADDR_R 1
| #define HAVE_TERMIOS_H 1
| #define HAVE_SYS_IOCTL_H 1
| #define HAVE_SYS_TIME_H 1
| #define TIME_WITH_SYS_TIME 1
| #define HAVE_GMTIME_R 1
| #define HAVE_LOCALTIME_R 1
| #define HAVE_MKTIME 1
| #define HAVE_TM_GMTOFF 1
| #define HAVE_TIMEZONE_VAR 1
| #define HAVE_STRUCT_STAT_ST_BLOCKS 1
| #define HAVE_STRUCT_STAT_ST_BLKSIZE 1
| #define HAVE_BLKCNT_T 1
| #define HAVE_INTPTR_T 1
| #define HAVE_UINTPTR_T 1
| #define NO_UNION_WAIT 1
| #define HAVE_SIGNED_CHAR 1
| #define HAVE_LANGINFO 1
| #define HAVE_MKSTEMPS 1
| /* end confdefs.h.  */
| 
| 	    #include <sys/param.h>
| 	    #include <sys/stat.h>
| 	    #include <fts.h>
| 
| int
| main ()
| {
| 
| 	    char*const p[2] = {"/", NULL};
| 	    FTS *f = fts_open(p, FTS_PHYSICAL|FTS_NOCHDIR|FTS_NOSTAT, NULL);
| 	    FTSENT *e = fts_read(f); fts_close(f);
| 
|   ;
|   return 0;
| }
configure:18328: result: no
configure:18350: checking for sys/ioctl.h
configure:18355: result: yes
configure:18509: checking sys/filio.h usability
configure:18521: gcc -c  -pipe  conftest.c >&5
conftest.c:124:10: fatal error: sys/filio.h: No such file or directory
  124 | #include <sys/filio.h>
      |          ^~~~~~~~~~~~~
compilation terminated.
configure:18527: $? = 1
configure: failed program was:
| /* confdefs.h.  */
| 
| #define PACKAGE_NAME "tcl"
| #define PACKAGE_TARNAME "tcl"
| #define PACKAGE_VERSION "8.6"
| #define PACKAGE_STRING "tcl 8.6"
| #define PACKAGE_BUGREPORT ""
| #define STDC_HEADERS 1
| #define HAVE_SYS_TYPES_H 1
| #define HAVE_SYS_STAT_H 1
| #define HAVE_STDLIB_H 1
| #define HAVE_STRING_H 1
| #define HAVE_MEMORY_H 1
| #define HAVE_STRINGS_H 1
| #define HAVE_INTTYPES_H 1
| #define HAVE_STDINT_H 1
| #define HAVE_UNISTD_H 1
| #define HAVE_SYS_PARAM_H 1
| #define USE_THREAD_ALLOC 1
| #define _REENTRANT 1
| #define _THREAD_SAFE 1
| #define HAVE_PTHREAD_ATTR_SETSTACKSIZE 1
| #define HAVE_PTHREAD_ATFORK 1
| #define TCL_THREADS 1
| #define TCL_CFGVAL_ENCODING "iso8859-1"
| #define HAVE_ZLIB 1
| #define MODULE_SCOPE extern __attribute__((__visibility__("hidden")))
| #define HAVE_HIDDEN 1
| #define HAVE_CAST_TO_UNION 1
| #define HAVE_VFORK 1
| #define HAVE_POSIX_SPAWNP 1
| #define HAVE_POSIX_SPAWN_FILE_ACTIONS_ADDDUP2 1
| #define HAVE_POSIX_SPAWNATTR_SETFLAGS 1
| #define TCL_SHLIB_EXT ".so"
| #define NDEBUG 1
| #define TCL_CFG_OPTIMIZED 1
| #define MP_PREC 4
| #define _LARGEFILE64_SOURCE 1
| #define TCL_WIDE_INT_TYPE long long
| #define HAVE_STRUCT_DIRENT64 1
| #define HAVE_STRUCT_STAT64 1
| #define HAVE_GETCWD 1
| #define HAVE_MKSTEMP 1
| #define HAVE_OPENDIR 1
| #define HAVE_STRTOL 1
| #define HAVE_WAITPID 1
| #define NO_GETWD 1
| #define HAVE_GETNAMEINFO 1
| #define HAVE_GETADDRINFO 1
| #define HAVE_FREEADDRINFO 1
| #define HAVE_GAI_STRERROR 1
| #define HAVE_STRUCT_ADDRINFO 1
| #define HAVE_STRUCT_IN6_ADDR 1
| #define HAVE_STRUCT_SOCKADDR_IN6 1
| #define HAVE_STRUCT_SOCKADDR_STORAGE 1
| #define HAVE_GETPWUID_R_5 1
| #define HAVE_GETPWUID_R 1
| #define HAVE_GETPWNAM_R_5 1
| #define HAVE_GETPWNAM_R 1
| #define HAVE_GETGRGID_R_5 1
| #define HAVE_GETGRGID_R 1
| #define HAVE_GETGRNAM_R_5 1
| #define HAVE_GETGRNAM_R 1
| #define HAVE_DECL_GETHOSTBYNAME_R 1
| #define HAVE_GETHOSTBYNAME_R_6 1
| #define HAVE_GETHOSTBYNAME_R 1
| #define HAVE_DECL_GETHOSTBYADDR_R 1
| #define HAVE_GETHOSTBYADDR_R_8 1
| #define HAVE_GETHOSTBYADDR_R 1
| #define HAVE_TERMIOS_H 1
| #define HAVE_SYS_IOCTL_H 1
| #define HAVE_SYS_TIME_H 1
| #define TIME_WITH_SYS_TIME 1
| #define HAVE_GMTIME_R 1
| #define HAVE_LOCALTIME_R 1
| #define HAVE_MKTIME 1
| #define HAVE_TM_GMTOFF 1
| #define HAVE_TIMEZONE_VAR 1
| #define HAVE_STRUCT_STAT_ST_BLOCKS 1
| #define HAVE_STRUCT_STAT_ST_BLKSIZE 1
| #define HAVE_BLKCNT_T 1
| #define HAVE_INTPTR_T 1
| #define HAVE_UINTPTR_T 1
| #define NO_UNION_WAIT 1
| #define HAVE_SIGNED_CHAR 1
| #define HAVE_LANGINFO 1
| #define HAVE_MKSTEMPS 1
| #define HAVE_SYS_IOCTL_H 1
| /* end confdefs.h.  */
| #include <stdio.h>
| #if HAVE_SYS_TYPES_H
| # include <sys/types.h>
| #endif
| #if HAVE_SYS_STAT_H
| # include <sys/stat.h>
| #endif
| #if STDC_HEADERS
| # include <stdlib.h>
| # include <stddef.h>
| #else
| # if HAVE_STDLIB_H
| #  include <stdlib.h>
| # endif
| #endif
| #if HAVE_STRING_H
| # if !STDC_HEADERS && HAVE_MEMORY_H
| #  include <memory.h>
| # endif
| # include <string.h>
| #endif
| #if HAVE_STRINGS_H
| # include <strings.h>
| #endif
| #if HAVE_INTTYPES_H
| # include <inttypes.h>
| #else
| # if HAVE_STDINT_H
| #  include <stdint.h>
| # endif
| #endif
| #if HAVE_UNISTD_H
| # include <unistd.h>
| #endif
| #include <sys/filio.h>
configure:18550: result: no
configure:18554: checking sys/filio.h presence
configure:18564: gcc -E  conftest.c
conftest.c:90:10: fatal error: sys/filio.h: No such file or directory
   90 | #include <sys/filio.h>
      |          ^~~~~~~~~~~~~
compilation terminated.
configure:18570: $? = 1
configure: failed program was:
| /* confdefs.h.  */
| 
| #define PACKAGE_NAME "tcl"
| #define PACKAGE_TARNAME "tcl"
| #define PACKAGE_VERSION "8.6"
| #define PACKAGE_STRING "tcl 8.6"
| #define PACKAGE_BUGREPORT ""
| #define STDC_HEADERS 1
| #define HAVE_SYS_TYPES_H 1
| #define HAVE_SYS_STAT_H 1
| #define HAVE_STDLIB_H 1
| #define HAVE_STRING_H 1
| #define HAVE_MEMORY_H 1
| #define HAVE_STRINGS_H 1
| #define HAVE_INTTYPES_H 1
| #define HAVE_STDINT_H 1
| #define HAVE_UNISTD_H 1
| #define HAVE_SYS_PARAM_H 1
| #define USE_THREAD_ALLOC 1
| #define _REENTRANT 1
| #define _THREAD_SAFE 1
| #define HAVE_PTHREAD_ATTR_SETSTACKSIZE 1
| #define HAVE_PTHREAD_ATFORK 1
| #define TCL_THREADS 1
| #define TCL_CFGVAL_ENCODING "iso8859-1"
| #define HAVE_ZLIB 1
| #define MODULE_SCOPE extern __attribute__((__visibility__("hidden")))
| #define HAVE_HIDDEN 1
| #define HAVE_CAST_TO_UNION 1
| #define HAVE_VFORK 1
| #define HAVE_POSIX_SPAWNP 1
| #define HAVE_POSIX_SPAWN_FILE_ACTIONS_ADDDUP2 1
| #define HAVE_POSIX_SPAWNATTR_SETFLAGS 1
| #define TCL_SHLIB_EXT ".so"
| #define NDEBUG 1
| #define TCL_CFG_OPTIMIZED 1
| #define MP_PREC 4
| #define _LARGEFILE64_SOURCE 1
| #define TCL_WIDE_INT_TYPE long long
| #define HAVE_STRUCT_DIRENT64 1
| #define HAVE_STRUCT_STAT64 1
| #define HAVE_GETCWD 1
| #define HAVE_MKSTEMP 1
| #define HAVE_OPENDIR 1
| #define HAVE_STRTOL 1
| #define HAVE_WAITPID 1
| #define NO_GETWD 1
| #define HAVE_GETNAMEINFO 1
| #define HAVE_GETADDRINFO 1
| #define HAVE_FREEADDRINFO 1
| #define HAVE_GAI_STRERROR 1
| #define HAVE_STRUCT_ADDRINFO 1
| #define HAVE_STRUCT_IN6_ADDR 1
| #define HAVE_STRUCT_SOCKADDR_IN6 1
| #define HAVE_STRUCT_SOCKADDR_STORAGE 1
| #define HAVE_GETPWUID_R_5 1
| #define HAVE_GETPWUID_R 1
| #define HAVE_GETPWNAM_R_5 1
| #define HAVE_GETPWNAM_R 1
| #define HAVE_GETGRGID_R_5 1
| #define HAVE_GETGRGID_R 1
| #define HAVE_GETGRNAM_R_5 1
| #define HAVE_GETGRNAM_R 1
| #define HAVE_DECL_GETHOSTBYNAME_R 1
| #define HAVE_GETHOSTBYNAME_R_6 1
| #define HAVE_GETHOSTBYNAME_R 1
| #define HAVE_DECL_GETHOSTBYADDR_R 1
| #define HAVE_GETHOSTBYADDR_R_8 1
| #define HAVE_GETHOSTBYADDR_R 1
| #define HAVE_TERMIOS_H 1
| #define HAVE_SYS_IOCTL_H 1
| #define HAVE_SYS_TIME_H 1
| #define TIME_WITH_SYS_TIME 1
| #define HAVE_GMTIME_R 1
| #define HAVE_LOCALTIME_R 1
| #define HAVE_MKTIME 1
| #define HAVE_TM_GMTOFF 1
| #define HAVE_TIMEZONE_VAR 1
| #define HAVE_STRUCT_STAT_ST_BLOCKS 1
| #define HAVE_STRUCT_STAT_ST_BLKSIZE 1
| #define HAVE_BLKCNT_T 1
| #define HAVE_INTPTR_T 1
| #define HAVE_UINTPTR_T 1
| #define NO_UNION_WAIT 1
| #define HAVE_SIGNED_CHAR 1
| #define HAVE_LANGINFO 1
| #define HAVE_MKSTEMPS 1
| #define HAVE_SYS_IOCTL_H 1
| /* end confdefs.h.  */
| #include <sys/filio.h>
configure:18590: result: no
configure:18625: checking for sys/filio.h
configure:18632: result: no
configure:18646: checking system version
configure:18677: result: Linux-6.12.76-linuxkit
configure:18681: checking FIONBIO vs. O_NONBLOCK for nonblocking I/O
configure:18703: result: O_NONBLOCK
configure:18711: checking whether to use dll unloading
configure:18727: result: yes
configure:18736: checking for timezone data
configure:18791: result: supplied by Tcl
configure:18996: checking whether to enable DTrace support
configure:19021: result: no
configure:19028: checking whether the cpuid instruction is usable
configure:19058: gcc -o conftest  -pipe   -Wl,--export-dynamic  conftest.c -lz  -lpthread >&5
configure:19064: $? = 0
configure:19068: test -z 
			 || test ! -s conftest.err
configure:19071: $? = 0
configure:19074: test -s conftest
configure:19077: $? = 0
configure:19089: result: yes
configure:19457: creating ./config.status

## ---------------------- ##
## Running config.status. ##
## ---------------------- ##

This file was extended by tcl config.status 8.6, which was
generated by GNU Autoconf 2.59.  Invocation command line was

  CONFIG_FILES    = 
  CONFIG_HEADERS  = 
  CONFIG_LINKS    = 
  CONFIG_COMMANDS = 
  $ ./config.status 

on 70f4bd37f537

config.status:734: creating Makefile
config.status:734: creating dltest/Makefile
config.status:734: creating tclConfig.sh
config.status:734: creating tcl.pc

## ---------------- ##
## Cache variables. ##
## ---------------- ##

ac_cv_c_bigendian='no'
ac_cv_c_char_unsigned='no'
ac_cv_c_compiler_gnu='yes'
ac_cv_c_inline='inline'
ac_cv_env_CC_set=''
ac_cv_env_CC_value=''
ac_cv_env_CFLAGS_set=''
ac_cv_env_CFLAGS_value=''
ac_cv_env_CPPFLAGS_set=''
ac_cv_env_CPPFLAGS_value=''
ac_cv_env_CPP_set=''
ac_cv_env_CPP_value=''
ac_cv_env_LDFLAGS_set=''
ac_cv_env_LDFLAGS_value=''
ac_cv_env_build_alias_set=''
ac_cv_env_build_alias_value=''
ac_cv_env_host_alias_set=''
ac_cv_env_host_alias_value=''
ac_cv_env_target_alias_set=''
ac_cv_env_target_alias_value=''
ac_cv_exeext=''
ac_cv_func_chflags='no'
ac_cv_func_connect='yes'
ac_cv_func_fork='yes'
ac_cv_func_freeaddrinfo='yes'
ac_cv_func_fstatfs='yes'
ac_cv_func_gai_strerror='yes'
ac_cv_func_getaddrinfo='yes'
ac_cv_func_getcwd='yes'
ac_cv_func_getgrgid_r='yes'
ac_cv_func_getgrnam_r='yes'
ac_cv_func_gethostbyaddr_r='yes'
ac_cv_func_gethostbyname='yes'
ac_cv_func_gethostbyname_r='yes'
ac_cv_func_getnameinfo='yes'
ac_cv_func_getpwnam_r='yes'
ac_cv_func_getpwuid_r='yes'
ac_cv_func_gettimeofday='yes'
ac_cv_func_getwd='no'
ac_cv_func_gmtime_r='yes'
ac_cv_func_localtime_r='yes'
ac_cv_func_lseek64='no'
ac_cv_func_memcmp_working='yes'
ac_cv_func_memmove='yes'
ac_cv_func_mknod='yes'
ac_cv_func_mkstemp='yes'
ac_cv_func_mkstemps='yes'
ac_cv_func_mktime='yes'
ac_cv_func_open64='no'
ac_cv_func_opendir='yes'
ac_cv_func_posix_spawn_file_actions_adddup2='yes'
ac_cv_func_posix_spawnattr_setflags='yes'
ac_cv_func_posix_spawnp='yes'
ac_cv_func_pthread_atfork='yes'
ac_cv_func_pthread_attr_setstacksize='yes'
ac_cv_func_realpath='yes'
ac_cv_func_sin='yes'
ac_cv_func_strerror='yes'
ac_cv_func_strncasecmp='yes'
ac_cv_func_strstr='yes'
ac_cv_func_strtol='yes'
ac_cv_func_strtoul='yes'
ac_cv_func_tcdrain='yes'
ac_cv_func_uname='yes'
ac_cv_func_vfork='yes'
ac_cv_func_wait3='yes'
ac_cv_func_waitpid='yes'
ac_cv_have_decl_gethostbyaddr_r='yes'
ac_cv_have_decl_gethostbyname_r='yes'
ac_cv_header_dlfcn_h='yes'
ac_cv_header_float_h='yes'
ac_cv_header_inttypes_h='yes'
ac_cv_header_langinfo_h='yes'
ac_cv_header_memory_h='yes'
ac_cv_header_net_errno_h='no'
ac_cv_header_stdc='yes'
ac_cv_header_stdint_h='yes'
ac_cv_header_stdlib_h='yes'
ac_cv_header_string_h='yes'
ac_cv_header_strings_h='yes'
ac_cv_header_sys_filio_h='no'
ac_cv_header_sys_ioctl_h='yes'
ac_cv_header_sys_modem_h='no'
ac_cv_header_sys_param_h='yes'
ac_cv_header_sys_stat_h='yes'
ac_cv_header_sys_time_h='yes'
ac_cv_header_sys_types_h='yes'
ac_cv_header_sys_wait_h='yes'
ac_cv_header_termios_h='yes'
ac_cv_header_time='yes'
ac_cv_header_unistd_h='yes'
ac_cv_header_values_h='yes'
ac_cv_header_zlib_h='yes'
ac_cv_lib_dl_dlopen='yes'
ac_cv_lib_inet_main='no'
ac_cv_lib_pthread_pthread_mutex_init='yes'
ac_cv_member_struct_stat_st_blksize='yes'
ac_cv_member_struct_stat_st_blocks='yes'
ac_cv_nolto='yes'
ac_cv_objext='o'
ac_cv_prog_CPP='gcc -E'
ac_cv_prog_ac_ct_AR='ar'
ac_cv_prog_ac_ct_CC='gcc'
ac_cv_prog_ac_ct_RANLIB='ranlib'
ac_cv_prog_cc_g='yes'
ac_cv_prog_cc_stdc=''
ac_cv_prog_egrep='grep -E'
ac_cv_search_deflateSetHeader='-lz'
ac_cv_type_blkcnt_t='yes'
ac_cv_type_gz_header='yes'
ac_cv_type_intptr_t='yes'
ac_cv_type_mode_t='yes'
ac_cv_type_pid_t='yes'
ac_cv_type_size_t='yes'
ac_cv_type_struct_addrinfo='yes'
ac_cv_type_struct_in6_addr='yes'
ac_cv_type_struct_sockaddr_in6='yes'
ac_cv_type_struct_sockaddr_storage='yes'
ac_cv_type_uid_t='yes'
ac_cv_type_uintptr_t='yes'
tcl_cv_DIR64='no'
tcl_cv_api_fts='no'
tcl_cv_api_getgrgid_r_5='yes'
tcl_cv_api_getgrnam_r_5='yes'
tcl_cv_api_gethostbyaddr_r='yes'
tcl_cv_api_gethostbyaddr_r_7='no'
tcl_cv_api_gethostbyaddr_r_8='yes'
tcl_cv_api_gethostbyname_r='yes'
tcl_cv_api_gethostbyname_r_6='yes'
tcl_cv_api_getpwnam_r_5='yes'
tcl_cv_api_getpwuid_r_5='yes'
tcl_cv_cast_to_union='yes'
tcl_cv_cc_pipe='yes'
tcl_cv_cc_visibility_hidden='yes'
tcl_cv_char_signed='yes'
tcl_cv_cpuid='yes'
tcl_cv_dirent_h='yes'
tcl_cv_flag__isoc99_source='no'
tcl_cv_flag__largefile64_source='yes'
tcl_cv_grep_gettimeofday='present'
tcl_cv_isnan='yes'
tcl_cv_langinfo_h='yes'
tcl_cv_member_tm_gmtoff='yes'
tcl_cv_member_tm_tzadj='no'
tcl_cv_putenv_copy='no'
tcl_cv_strstr_unbroken='ok'
tcl_cv_strtoul_unbroken='ok'
tcl_cv_struct_dirent64='yes'
tcl_cv_struct_stat64='yes'
tcl_cv_sys_version='Linux-6.12.76-linuxkit'
tcl_cv_timezone_long='yes'
tcl_cv_type_64bit='long long'
tcl_cv_type_fd_set='yes'
tcl_cv_type_off64_t='yes'
tcl_cv_type_socklen_t='yes'
tcl_cv_union_wait='no'

## ----------------- ##
## Output variables. ##
## ----------------- ##

AR='ar'
BUILD_DLTEST='$(DLTEST_TARGETS)'
CC='gcc'
CC_SEARCH_FLAGS='"-Wl,-rpath,${LIB_RUNTIME_DIR}"'
CFG_TCL_SHARED_LIB_SUFFIX='${VERSION}.so'
CFG_TCL_UNSHARED_LIB_SUFFIX='${VERSION}.a'
CFLAGS=' -pipe '
CFLAGS_DEBUG='-g'
CFLAGS_DEFAULT='$(CFLAGS_OPTIMIZE)'
CFLAGS_NOLTO='-fno-lto'
CFLAGS_OPTIMIZE='-O2'
CFLAGS_WARNING='-Wall -Wpointer-arith'
CPP='gcc -E'
CPPFLAGS=''
DEFS='-DPACKAGE_NAME=\"tcl\" -DPACKAGE_TARNAME=\"tcl\" -DPACKAGE_VERSION=\"8.6\" -DPACKAGE_STRING=\"tcl\ 8.6\" -DPACKAGE_BUGREPORT=\"\" -DSTDC_HEADERS=1 -DHAVE_SYS_TYPES_H=1 -DHAVE_SYS_STAT_H=1 -DHAVE_STDLIB_H=1 -DHAVE_STRING_H=1 -DHAVE_MEMORY_H=1 -DHAVE_STRINGS_H=1 -DHAVE_INTTYPES_H=1 -DHAVE_STDINT_H=1 -DHAVE_UNISTD_H=1 -DHAVE_SYS_PARAM_H=1 -DUSE_THREAD_ALLOC=1 -D_REENTRANT=1 -D_THREAD_SAFE=1 -DHAVE_PTHREAD_ATTR_SETSTACKSIZE=1 -DHAVE_PTHREAD_ATFORK=1 -DTCL_THREADS=1 -DTCL_CFGVAL_ENCODING=\"iso8859-1\" -DHAVE_ZLIB=1 -DMODULE_SCOPE=extern\ __attribute__\(\(__visibility__\(\"hidden\"\)\)\) -DHAVE_HIDDEN=1 -DHAVE_CAST_TO_UNION=1 -DHAVE_VFORK=1 -DHAVE_POSIX_SPAWNP=1 -DHAVE_POSIX_SPAWN_FILE_ACTIONS_ADDDUP2=1 -DHAVE_POSIX_SPAWNATTR_SETFLAGS=1 -DTCL_SHLIB_EXT=\".so\" -DNDEBUG=1 -DTCL_CFG_OPTIMIZED=1 -DMP_PREC=4 -D_LARGEFILE64_SOURCE=1 -DTCL_WIDE_INT_TYPE=long\ long -DHAVE_STRUCT_DIRENT64=1 -DHAVE_STRUCT_STAT64=1 -DHAVE_GETCWD=1 -DHAVE_MKSTEMP=1 -DHAVE_OPENDIR=1 -DHAVE_STRTOL=1 -DHAVE_WAITPID=1 -DNO_GETWD=1 -DHAVE_GETNAMEINFO=1 -DHAVE_GETADDRINFO=1 -DHAVE_FREEADDRINFO=1 -DHAVE_GAI_STRERROR=1 -DHAVE_STRUCT_ADDRINFO=1 -DHAVE_STRUCT_IN6_ADDR=1 -DHAVE_STRUCT_SOCKADDR_IN6=1 -DHAVE_STRUCT_SOCKADDR_STORAGE=1 -DHAVE_GETPWUID_R_5=1 -DHAVE_GETPWUID_R=1 -DHAVE_GETPWNAM_R_5=1 -DHAVE_GETPWNAM_R=1 -DHAVE_GETGRGID_R_5=1 -DHAVE_GETGRGID_R=1 -DHAVE_GETGRNAM_R_5=1 -DHAVE_GETGRNAM_R=1 -DHAVE_DECL_GETHOSTBYNAME_R=1 -DHAVE_GETHOSTBYNAME_R_6=1 -DHAVE_GETHOSTBYNAME_R=1 -DHAVE_DECL_GETHOSTBYADDR_R=1 -DHAVE_GETHOSTBYADDR_R_8=1 -DHAVE_GETHOSTBYADDR_R=1 -DHAVE_TERMIOS_H=1 -DHAVE_SYS_IOCTL_H=1 -DHAVE_SYS_TIME_H=1 -DTIME_WITH_SYS_TIME=1 -DHAVE_GMTIME_R=1 -DHAVE_LOCALTIME_R=1 -DHAVE_MKTIME=1 -DHAVE_TM_GMTOFF=1 -DHAVE_TIMEZONE_VAR=1 -DHAVE_STRUCT_STAT_ST_BLOCKS=1 -DHAVE_STRUCT_STAT_ST_BLKSIZE=1 -DHAVE_BLKCNT_T=1 -DHAVE_INTPTR_T=1 -DHAVE_UINTPTR_T=1 -DNO_UNION_WAIT=1 -DHAVE_SIGNED_CHAR=1 -DHAVE_LANGINFO=1 -DHAVE_MKSTEMPS=1 -DHAVE_SYS_IOCTL_H=1 -DTCL_UNLOAD_DLLS=1 -DHAVE_CPUID=1 '
DLL_INSTALL_DIR='$(LIB_INSTALL_DIR)'
DLTEST_LD='${SHLIB_LD}'
DLTEST_SUFFIX=''
DL_LIBS='-ldl'
DL_OBJS='tclLoadDl.o'
DTRACE=''
DTRACE_HDR=''
DTRACE_OBJ=''
DTRACE_SRC=''
ECHO_C=''
ECHO_N='-n'
ECHO_T=''
EGREP='grep -E'
EXEEXT=''
EXTRA_APP_CC_SWITCHES=''
EXTRA_BUILD_HTML='@:'
EXTRA_CC_SWITCHES=''
EXTRA_INSTALL=''
EXTRA_INSTALL_BINARIES='@:'
EXTRA_TCLSH_LIBS=''
HTML_DIR='$(DISTDIR)/html'
INSTALL_LIB='$(INSTALL_LIBRARY) $(LIB_FILE) "$(LIB_INSTALL_DIR)/$(LIB_FILE)"'
INSTALL_STUB_LIB='$(INSTALL_LIBRARY) $(STUB_LIB_FILE) "$(LIB_INSTALL_DIR)/$(STUB_LIB_FILE)"'
INSTALL_TZDATA='install-tzdata'
LDAIX_SRC=''
LDFLAGS=' -Wl,--export-dynamic '
LDFLAGS_DEBUG=''
LDFLAGS_DEFAULT='$(LDFLAGS_OPTIMIZE)'
LDFLAGS_OPTIMIZE=''
LD_LIBRARY_PATH_VAR='LD_LIBRARY_PATH'
LD_SEARCH_FLAGS='"-Wl,-rpath,${LIB_RUNTIME_DIR}"'
LIBOBJS=''
LIBS='-lz  -lpthread'
MAKEFILE_SHELL='/bin/sh'
MAKE_LIB='${SHLIB_LD} -o $@ ${OBJS} ${LDFLAGS} ${SHLIB_LD_LIBS} ${TCL_SHLIB_LD_EXTRAS} ${TK_SHLIB_LD_EXTRAS} ${LD_SEARCH_FLAGS}'
MAKE_STUB_LIB='${STLIB_LD} $@ ${STUB_LIB_OBJS} ; ${RANLIB} $@'
MAN_FLAGS=''
OBJEXT='o'
PACKAGE_BUGREPORT=''
PACKAGE_DIR='/usr/lib'
PACKAGE_NAME='tcl'
PACKAGE_STRING='tcl 8.6'
PACKAGE_TARNAME='tcl'
PACKAGE_VERSION='8.6'
PATH_SEPARATOR=':'
PKG_CFG_ARGS=''--prefix=/usr' '--sysconfdir=/etc' '--mandir=/usr/share/man' '--localstatedir=/var' '--with-system-sqlite' '--disable-64bit' '
PLAT_OBJS=''
PLAT_SRCS=''
PRIVATE_INCLUDE_DIR='$(includedir)'
RANLIB='ranlib'
SHARED_BUILD='1'
SHELL='/bin/sh'
SHLIB_CFLAGS='-fPIC'
SHLIB_LD='${CC} ${CFLAGS} ${LDFLAGS} -shared'
SHLIB_LD_LIBS='${LIBS}'
SHLIB_SUFFIX='.so'
STLIB_LD='${AR} cr'
TCLSH_PROG='./${TCL_EXE}'
TCL_BUILD_LIB_SPEC='-L/src/third_party/tcl-8.6.17/unix -ltcl8.6'
TCL_BUILD_STUB_LIB_PATH='/src/third_party/tcl-8.6.17/unix/libtclstub8.6.a'
TCL_BUILD_STUB_LIB_SPEC='-L/src/third_party/tcl-8.6.17/unix -ltclstub8.6'
TCL_HAS_LONGLONG=''
TCL_INCLUDE_SPEC='-I/usr/include'
TCL_LIBRARY='$(prefix)/lib/tcl$(VERSION)'
TCL_LIBS='-ldl -lz  -lpthread '
TCL_LIB_FILE='libtcl8.6.so'
TCL_LIB_FLAG='-ltcl8.6'
TCL_LIB_SPEC='-L/usr/lib -ltcl8.6'
TCL_LIB_VERSIONS_OK='ok'
TCL_MAJOR_VERSION='8'
TCL_MINOR_VERSION='6'
TCL_MODULE_PATH=''
TCL_PACKAGE_PATH='/usr/lib'
TCL_PATCH_LEVEL='.17'
TCL_SHARED_BUILD='1'
TCL_SHARED_LIB_SUFFIX='${VERSION}${SHLIB_SUFFIX}'
TCL_SHLIB_LD_EXTRAS=''
TCL_SRC_DIR='/src/third_party/tcl-8.6.17'
TCL_STUB_LIB_FILE='libtclstub8.6.a'
TCL_STUB_LIB_FLAG='-ltclstub8.6'
TCL_STUB_LIB_PATH='/usr/lib/libtclstub8.6.a'
TCL_STUB_LIB_SPEC='-L/usr/lib -ltclstub8.6'
TCL_THREADS='1'
TCL_UNSHARED_LIB_SUFFIX='${VERSION}.a'
TCL_VERSION='8.6'
TCL_YEAR=''
TK_SHLIB_LD_EXTRAS=''
ZLIB_INCLUDE=''
ZLIB_OBJS=''
ZLIB_SRCS=''
ac_ct_AR='ar'
ac_ct_CC='gcc'
ac_ct_RANLIB='ranlib'
bindir='${exec_prefix}/bin'
build_alias=''
datadir='${prefix}/share'
exec_prefix='/usr'
host_alias=''
includedir='${prefix}/include'
infodir='${prefix}/info'
libdir='/usr/lib'
libexecdir='${exec_prefix}/libexec'
localstatedir='/var'
mandir='/usr/share/man'
oldincludedir='/usr/include'
prefix='/usr'
program_transform_name='s,x,x,'
sbindir='${exec_prefix}/sbin'
sharedstatedir='${prefix}/com'
sysconfdir='/etc'
target_alias=''

## ----------- ##
## confdefs.h. ##
## ----------- ##

#define HAVE_BLKCNT_T 1
#define HAVE_CAST_TO_UNION 1
#define HAVE_CPUID 1
#define HAVE_DECL_GETHOSTBYADDR_R 1
#define HAVE_DECL_GETHOSTBYNAME_R 1
#define HAVE_FREEADDRINFO 1
#define HAVE_GAI_STRERROR 1
#define HAVE_GETADDRINFO 1
#define HAVE_GETCWD 1
#define HAVE_GETGRGID_R 1
#define HAVE_GETGRGID_R_5 1
#define HAVE_GETGRNAM_R 1
#define HAVE_GETGRNAM_R_5 1
#define HAVE_GETHOSTBYADDR_R 1
#define HAVE_GETHOSTBYADDR_R_8 1
#define HAVE_GETHOSTBYNAME_R 1
#define HAVE_GETHOSTBYNAME_R_6 1
#define HAVE_GETNAMEINFO 1
#define HAVE_GETPWNAM_R 1
#define HAVE_GETPWNAM_R_5 1
#define HAVE_GETPWUID_R 1
#define HAVE_GETPWUID_R_5 1
#define HAVE_GMTIME_R 1
#define HAVE_HIDDEN 1
#define HAVE_INTPTR_T 1
#define HAVE_INTTYPES_H 1
#define HAVE_LANGINFO 1
#define HAVE_LOCALTIME_R 1
#define HAVE_MEMORY_H 1
#define HAVE_MKSTEMP 1
#define HAVE_MKSTEMPS 1
#define HAVE_MKTIME 1
#define HAVE_OPENDIR 1
#define HAVE_POSIX_SPAWNATTR_SETFLAGS 1
#define HAVE_POSIX_SPAWNP 1
#define HAVE_POSIX_SPAWN_FILE_ACTIONS_ADDDUP2 1
#define HAVE_PTHREAD_ATFORK 1
#define HAVE_PTHREAD_ATTR_SETSTACKSIZE 1
#define HAVE_SIGNED_CHAR 1
#define HAVE_STDINT_H 1
#define HAVE_STDLIB_H 1
#define HAVE_STRINGS_H 1
#define HAVE_STRING_H 1
#define HAVE_STRTOL 1
#define HAVE_STRUCT_ADDRINFO 1
#define HAVE_STRUCT_DIRENT64 1
#define HAVE_STRUCT_IN6_ADDR 1
#define HAVE_STRUCT_SOCKADDR_IN6 1
#define HAVE_STRUCT_SOCKADDR_STORAGE 1
#define HAVE_STRUCT_STAT64 1
#define HAVE_STRUCT_STAT_ST_BLKSIZE 1
#define HAVE_STRUCT_STAT_ST_BLOCKS 1
#define HAVE_SYS_IOCTL_H 1
#define HAVE_SYS_IOCTL_H 1
#define HAVE_SYS_PARAM_H 1
#define HAVE_SYS_STAT_H 1
#define HAVE_SYS_TIME_H 1
#define HAVE_SYS_TYPES_H 1
#define HAVE_TERMIOS_H 1
#define HAVE_TIMEZONE_VAR 1
#define HAVE_TM_GMTOFF 1
#define HAVE_UINTPTR_T 1
#define HAVE_UNISTD_H 1
#define HAVE_VFORK 1
#define HAVE_WAITPID 1
#define HAVE_ZLIB 1
#define MODULE_SCOPE extern __attribute__((__visibility__("hidden")))
#define MP_PREC 4
#define NDEBUG 1
#define NO_GETWD 1
#define NO_UNION_WAIT 1
#define PACKAGE_BUGREPORT ""
#define PACKAGE_NAME "tcl"
#define PACKAGE_STRING "tcl 8.6"
#define PACKAGE_TARNAME "tcl"
#define PACKAGE_VERSION "8.6"
#define STDC_HEADERS 1
#define TCL_CFGVAL_ENCODING "iso8859-1"
#define TCL_CFG_OPTIMIZED 1
#define TCL_SHLIB_EXT ".so"
#define TCL_THREADS 1
#define TCL_UNLOAD_DLLS 1
#define TCL_WIDE_INT_TYPE long long
#define TIME_WITH_SYS_TIME 1
#define USE_THREAD_ALLOC 1
#define _LARGEFILE64_SOURCE 1
#define _REENTRANT 1
#define _THREAD_SAFE 1

configure: exit 0
